sex,whole_weight,agegroup,weightgroup
I,0.002,youngest,lightest
I,0.015,youngest,lightest
I,0.013,youngest,lightest
I,0.008,youngest,lightest
I,0.0215,youngest,lightest
M,0.0385,youngest,lightest
M,0.0155,youngest,lightest
I,0.018,youngest,lightest
I,0.0665,youngest,lightest
I,0.0375,youngest,lightest
I,0.014,youngest,lightest
I,0.0275,youngest,lightest
M,0.023,youngest,lightest
I,0.0315,youngest,lightest
I,0.021,youngest,lightest
I,0.041,youngest,lightest
I,0.0495,youngest,lightest
I,0.042,youngest,lightest
I,0.086,youngest,lightest
I,0.03,youngest,lightest
I,0.0465,youngest,lightest
I,0.095,youngest,lightest
I,0.1065,youngest,lightest
I,0.037,youngest,lightest
I,0.038,youngest,lightest
M,0.147,youngest,lightest
M,0.0545,youngest,lightest
M,0.024,youngest,lightest
M,0.032,youngest,lightest
I,0.019,youngest,lightest
I,0.0175,youngest,lightest
I,0.0265,youngest,lightest
I,0.083,youngest,lightest
I,0.117,youngest,lightest
I,0.131,youngest,lightest
I,0.029,youngest,lightest
I,0.0325,youngest,lightest
I,0.0435,youngest,lightest
I,0.059,youngest,lightest
I,0.071,youngest,lightest
I,0.0765,youngest,lightest
I,0.196,youngest,lightest
I,0.0515,youngest,lightest
I,0.0555,youngest,lightest
I,0.029,youngest,lightest
I,0.0195,youngest,lightest
I,0.0105,youngest,lightest
I,0.0145,youngest,lightest
I,0.036,youngest,lightest
I,0.04,youngest,lightest
I,0.0565,youngest,lightest
I,0.0875,youngest,lightest
I,0.049,youngest,lightest
I,0.04,youngest,lightest
I,0.0635,youngest,lightest
I,0.0725,youngest,lightest
I,0.0925,youngest,lightest
I,0.1285,youngest,lightest
I,0.074,youngest,lightest
I,0.0515,youngest,lightest
I,0.046,youngest,lightest
M,0.0245,youngest,lightest
I,0.0805,youngest,lightest
I,0.0455,youngest,lightest
I,0.0655,youngest,lightest
I,0.097,youngest,lightest
I,0.028,youngest,lightest
I,0.034,youngest,lightest
I,0.0145,youngest,lightest
I,0.018,youngest,lightest
M,0.0635,youngest,lightest
I,0.118,youngest,lightest
I,0.032,youngest,lightest
I,0.1185,youngest,lightest
I,0.07,youngest,lightest
I,0.042,youngest,lightest
I,0.073,youngest,lightest
I,0.0315,youngest,lightest
I,0.048,youngest,lightest
I,0.125,youngest,lightest
I,0.021,youngest,lightest
I,0.1,youngest,lightest
I,0.0645,youngest,lightest
I,0.0965,youngest,lightest
I,0.1055,youngest,lightest
I,0.121,youngest,lightest
I,0.0705,youngest,lightest
I,0.0545,youngest,lightest
I,0.0235,youngest,lightest
F,0.08,youngest,lightest
M,0.0915,youngest,lightest
F,0.1885,youngest,lightest
M,0.035,youngest,lightest
M,0.094,youngest,lightest
M,0.079,youngest,lightest
I,0.0865,youngest,lightest
M,0.1165,youngest,lightest
I,0.0525,youngest,lightest
I,0.088,youngest,lightest
I,0.0705,youngest,lightest
I,0.1625,youngest,lightest
I,0.141,youngest,lightest
I,0.1575,youngest,lightest
I,0.1785,youngest,lightest
I,0.376,youngest,lightest
I,0.0685,youngest,lightest
I,0.1075,youngest,lightest
I,0.096,youngest,lightest
I,0.2015,youngest,lightest
I,0.0685,youngest,lightest
I,0.0835,youngest,lightest
I,0.1075,youngest,lightest
I,0.1055,youngest,lightest
I,0.1375,youngest,lightest
I,0.1145,youngest,lightest
I,0.1595,youngest,lightest
I,0.2005,youngest,lightest
I,0.213,youngest,lightest
I,0.228,youngest,lightest
I,0.2985,youngest,lightest
I,0.2675,youngest,lightest
I,0.1985,youngest,lightest
I,0.247,youngest,lightest
I,0.3025,youngest,lightest
I,0.2905,youngest,lightest
I,0.369,youngest,lightest
I,0.0475,youngest,lightest
I,0.101,youngest,lightest
I,0.168,youngest,lightest
I,0.18,youngest,lightest
I,0.2315,youngest,lightest
I,0.027,youngest,lightest
I,0.0465,youngest,lightest
I,0.1115,youngest,lightest
I,0.086,youngest,lightest
I,0.1065,youngest,lightest
I,0.132,youngest,lightest
I,0.166,youngest,lightest
I,0.1225,youngest,lightest
M,0.3245,youngest,lightest
F,0.2405,youngest,lightest
I,0.0385,youngest,lightest
I,0.099,youngest,lightest
F,0.14,youngest,lightest
M,0.0305,youngest,lightest
M,0.024,youngest,lightest
I,0.092,youngest,lightest
I,0.073,youngest,lightest
I,0.071,youngest,lightest
I,0.109,youngest,lightest
I,0.064,youngest,lightest
I,0.106,youngest,lightest
I,0.1315,youngest,lightest
I,0.1055,youngest,lightest
I,0.1045,youngest,lightest
I,0.0985,youngest,lightest
I,0.1795,youngest,lightest
I,0.0545,youngest,lightest
I,0.196,youngest,lightest
I,0.181,youngest,lightest
I,0.198,youngest,lightest
I,0.057,youngest,lightest
I,0.1115,youngest,lightest
I,0.1235,youngest,lightest
I,0.2815,youngest,lightest
I,0.033,youngest,lightest
I,0.059,youngest,lightest
I,0.0345,youngest,lightest
I,0.1495,youngest,lightest
I,0.15,youngest,lightest
M,0.099,youngest,lightest
M,0.106,youngest,lightest
M,0.0905,youngest,lightest
I,0.0815,youngest,lightest
I,0.0265,youngest,lightest
I,0.199,youngest,lightest
I,0.2855,youngest,lightest
I,0.1285,youngest,lightest
I,0.1345,youngest,lightest
I,0.1195,youngest,lightest
I,0.1585,youngest,lightest
I,0.101,youngest,lightest
I,0.106,youngest,lightest
I,0.1385,youngest,lightest
I,0.1405,youngest,lightest
I,0.0645,youngest,lightest
I,0.18,youngest,lightest
I,0.099,youngest,lightest
I,0.0785,youngest,lightest
I,0.161,youngest,lightest
I,0.151,youngest,lightest
M,0.214,youngest,lightest
I,0.1755,youngest,lightest
I,0.238,youngest,lightest
M,0.1205,youngest,lightest
I,0.128,youngest,lightest
I,0.1105,youngest,lightest
M,0.217,youngest,lightest
I,0.172,youngest,lightest
I,0.2,youngest,lightest
I,0.1995,youngest,lightest
I,0.092,youngest,lightest
I,0.0715,youngest,lightest
I,0.0735,youngest,lightest
M,0.146,youngest,lightest
M,0.1,youngest,lightest
F,0.203,youngest,lightest
M,0.1905,youngest,lightest
M,0.1145,youngest,lightest
I,0.1665,youngest,lightest
I,0.0765,youngest,lightest
I,0.244,youngest,lightest
I,0.1015,youngest,lightest
I,0.067,youngest,lightest
I,0.183,youngest,lightest
I,0.2055,youngest,lightest
I,0.18,youngest,lightest
I,0.2215,youngest,lightest
I,0.312,youngest,lightest
I,0.304,youngest,lightest
I,0.306,youngest,lightest
I,0.394,youngest,lightest
M,0.325,youngest,lightest
I,0.398,youngest,lightest
F,1.1405,youngest,middle
I,0.046,youngest,lightest
I,0.083,youngest,lightest
I,0.092,youngest,lightest
I,0.1385,youngest,lightest
I,0.1485,youngest,lightest
I,0.187,youngest,lightest
I,0.196,youngest,lightest
I,0.249,youngest,lightest
I,0.215,youngest,lightest
I,0.251,youngest,lightest
I,0.3335,youngest,lightest
I,0.3595,youngest,lightest
I,0.3435,youngest,lightest
I,0.382,youngest,lightest
I,0.377,youngest,lightest
I,0.3925,youngest,lightest
I,0.4495,youngest,lightest
F,0.4355,youngest,lightest
I,0.497,youngest,middle
F,0.482,youngest,middle
F,0.5915,youngest,middle
M,0.6765,youngest,middle
M,0.64,youngest,middle
M,0.6595,youngest,middle
F,1.3695,youngest,heaviest
I,0.106,youngest,lightest
I,0.1255,youngest,lightest
I,0.151,youngest,lightest
I,0.1415,youngest,lightest
I,0.221,youngest,lightest
I,0.2345,youngest,lightest
I,0.2325,youngest,lightest
I,0.348,youngest,lightest
I,0.3245,youngest,lightest
I,0.279,youngest,lightest
I,0.413,youngest,lightest
I,0.4925,youngest,middle
I,0.411,youngest,lightest
I,0.3685,youngest,lightest
I,0.4845,youngest,middle
I,0.4565,youngest,middle
M,0.5215,youngest,middle
F,0.545,youngest,middle
I,0.4645,youngest,middle
I,0.1125,youngest,lightest
I,0.139,youngest,lightest
I,0.179,youngest,lightest
I,0.1945,youngest,lightest
I,0.215,youngest,lightest
I,0.1875,youngest,lightest
I,0.217,youngest,lightest
I,0.218,youngest,lightest
I,0.2465,youngest,lightest
I,0.256,youngest,lightest
I,0.2645,youngest,lightest
I,0.328,youngest,lightest
I,0.232,youngest,lightest
I,0.329,youngest,lightest
I,0.304,youngest,lightest
I,0.389,youngest,lightest
I,0.4405,youngest,lightest
M,0.4475,youngest,lightest
I,0.4315,youngest,lightest
I,0.3685,youngest,lightest
I,0.4725,youngest,middle
M,0.526,youngest,middle
I,0.121,youngest,lightest
I,0.117,youngest,lightest
I,0.1465,youngest,lightest
I,0.1775,youngest,lightest
I,0.2175,youngest,lightest
I,0.237,youngest,lightest
I,0.367,youngest,lightest
F,0.6065,youngest,middle
I,0.394,youngest,lightest
I,0.422,youngest,lightest
I,0.1885,youngest,lightest
I,0.197,youngest,lightest
I,0.2215,youngest,lightest
I,0.269,youngest,lightest
I,0.2815,youngest,lightest
I,0.2805,youngest,lightest
I,0.804,youngest,middle
I,0.1195,youngest,lightest
I,0.0935,youngest,lightest
I,0.1195,youngest,lightest
I,0.097,youngest,lightest
I,0.133,youngest,lightest
I,0.1695,youngest,lightest
I,0.1605,youngest,lightest
I,0.2185,youngest,lightest
I,0.226,youngest,lightest
I,0.1075,youngest,lightest
I,0.355,youngest,lightest
I,0.1445,youngest,lightest
F,0.275,youngest,lightest
M,0.18,youngest,lightest
I,0.2735,youngest,lightest
M,0.1545,youngest,lightest
I,0.0295,youngest,lightest
M,0.8085,youngest,middle
I,0.1485,youngest,lightest
I,0.0605,youngest,lightest
I,0.081,youngest,lightest
I,0.1365,youngest,lightest
M,0.2225,youngest,lightest
I,0.18,youngest,lightest
I,0.185,youngest,lightest
I,0.179,youngest,lightest
I,0.075,youngest,lightest
I,0.0235,youngest,lightest
M,0.096,youngest,lightest
M,0.0945,youngest,lightest
I,0.096,youngest,lightest
I,0.0625,youngest,lightest
I,0.127,youngest,lightest
I,0.2885,youngest,lightest
I,0.18,youngest,lightest
I,0.33,youngest,lightest
I,0.3625,youngest,lightest
I,0.365,youngest,lightest
I,0.126,youngest,lightest
I,0.155,youngest,lightest
I,0.2545,youngest,lightest
I,0.237,youngest,lightest
I,0.3205,youngest,lightest
I,0.545,youngest,middle
I,0.4165,youngest,lightest
I,0.4775,youngest,middle
F,0.46,youngest,middle
I,0.4215,youngest,lightest
F,0.828,youngest,middle
M,0.681,youngest,middle
I,0.163,youngest,lightest
I,0.2275,youngest,lightest
I,0.219,youngest,lightest
I,0.3265,youngest,lightest
I,0.5335,youngest,middle
I,0.167,youngest,lightest
I,0.2015,youngest,lightest
I,0.183,youngest,lightest
I,0.2885,youngest,lightest
I,0.1525,youngest,lightest
I,0.2545,youngest,lightest
I,0.1245,youngest,lightest
I,0.1585,youngest,lightest
I,0.2625,youngest,lightest
I,0.305,youngest,lightest
I,0.449,youngest,lightest
I,0.2075,youngest,lightest
I,0.253,youngest,lightest
I,0.309,youngest,lightest
I,0.0925,youngest,lightest
I,0.4995,youngest,middle
F,0.204,youngest,lightest
F,0.17,youngest,lightest
M,0.2265,youngest,lightest
F,0.4965,youngest,middle
F,0.2725,youngest,lightest
M,0.161,youngest,lightest
I,0.366,youngest,lightest
I,0.3085,youngest,lightest
I,0.127,youngest,lightest
I,0.192,youngest,lightest
I,0.3595,youngest,lightest
I,0.111,youngest,lightest
I,0.152,youngest,lightest
I,0.219,youngest,lightest
I,0.2155,youngest,lightest
I,0.2565,youngest,lightest
I,0.2505,youngest,lightest
I,0.378,youngest,lightest
I,0.2435,youngest,lightest
I,0.2675,youngest,lightest
I,0.2985,youngest,lightest
I,0.4015,youngest,lightest
I,0.131,youngest,lightest
I,0.1695,youngest,lightest
I,0.192,youngest,lightest
I,0.1735,youngest,lightest
I,0.1785,youngest,lightest
I,0.314,youngest,lightest
I,0.33,youngest,lightest
I,0.309,youngest,lightest
I,0.084,youngest,lightest
I,0.1895,youngest,lightest
I,0.257,youngest,lightest
I,0.342,youngest,lightest
I,0.2575,youngest,lightest
I,0.3225,youngest,lightest
I,0.1455,youngest,lightest
I,0.2425,youngest,lightest
M,0.22,youngest,lightest
I,0.2045,youngest,lightest
M,0.3435,youngest,lightest
M,0.219,youngest,lightest
I,0.058,youngest,lightest
I,0.0615,youngest,lightest
I,0.1365,youngest,lightest
I,0.1295,youngest,lightest
I,0.164,youngest,lightest
I,0.2875,youngest,lightest
I,0.277,youngest,lightest
I,0.248,youngest,lightest
I,0.252,youngest,lightest
I,0.4095,youngest,lightest
M,0.6245,youngest,middle
I,0.8915,youngest,middle
F,0.874,youngest,middle
I,0.134,youngest,lightest
I,0.2075,youngest,lightest
I,0.2235,youngest,lightest
I,0.34,youngest,lightest
I,0.635,youngest,middle
I,0.096,youngest,lightest
I,0.1445,youngest,lightest
I,0.2155,youngest,lightest
I,0.2325,youngest,lightest
I,0.318,youngest,lightest
I,0.124,youngest,lightest
I,0.1695,youngest,lightest
I,0.393,youngest,lightest
I,0.3805,youngest,lightest
M,0.2255,youngest,lightest
I,0.205,youngest,lightest
I,0.2905,youngest,lightest
M,0.2555,youngest,lightest
I,0.203,youngest,lightest
F,0.4605,youngest,middle
M,0.303,youngest,lightest
M,0.385,youngest,lightest
F,0.583,youngest,middle
M,0.4115,youngest,lightest
M,0.3785,youngest,lightest
M,0.5225,youngest,middle
I,0.2315,youngest,lightest
I,0.2535,youngest,lightest
F,0.1915,youngest,lightest
I,0.211,youngest,lightest
I,0.0975,youngest,lightest
F,0.156,youngest,lightest
F,0.775,youngest,middle
I,0.1785,youngest,lightest
I,0.2655,youngest,lightest
M,0.181,youngest,lightest
I,0.324,youngest,lightest
F,0.3055,youngest,lightest
I,0.205,youngest,lightest
I,0.1155,youngest,lightest
I,0.156,youngest,lightest
I,0.2135,youngest,lightest
I,0.1715,youngest,lightest
I,0.2415,youngest,lightest
M,0.222,youngest,lightest
I,0.251,youngest,lightest
I,0.1755,youngest,lightest
F,0.4335,youngest,lightest
I,0.365,youngest,lightest
I,0.217,youngest,lightest
M,0.1165,youngest,lightest
M,0.0425,youngest,lightest
M,0.1085,youngest,lightest
M,0.17,youngest,lightest
M,0.0515,youngest,lightest
F,0.391,youngest,lightest
M,0.258,youngest,lightest
M,0.173,youngest,lightest
M,0.1875,youngest,lightest
M,0.1345,youngest,lightest
M,0.129,youngest,lightest
I,0.2295,youngest,lightest
F,0.3915,youngest,lightest
I,0.1285,youngest,lightest
I,0.1105,youngest,lightest
I,0.176,youngest,lightest
I,0.1135,youngest,lightest
I,0.1035,youngest,lightest
I,0.22,youngest,lightest
M,0.3185,youngest,lightest
I,0.1715,youngest,lightest
I,0.1735,youngest,lightest
I,0.27,youngest,lightest
I,0.24,youngest,lightest
I,0.1375,youngest,lightest
I,0.2895,youngest,lightest
I,0.319,youngest,lightest
I,0.3735,youngest,lightest
I,0.4895,youngest,middle
I,0.378,youngest,lightest
I,0.1825,youngest,lightest
I,0.186,youngest,lightest
I,0.2225,youngest,lightest
I,0.2455,youngest,lightest
I,0.2865,youngest,lightest
I,0.339,youngest,lightest
I,0.3535,youngest,lightest
I,0.3645,youngest,lightest
I,0.425,youngest,lightest
I,0.35,youngest,lightest
I,0.4195,youngest,lightest
I,0.478,youngest,middle
I,0.47,youngest,middle
I,0.447,youngest,lightest
I,0.5325,youngest,middle
I,0.4635,youngest,middle
I,0.449,youngest,lightest
I,0.467,youngest,middle
I,0.534,youngest,middle
I,0.4415,youngest,lightest
M,0.6015,youngest,middle
F,0.4785,youngest,middle
M,0.61,youngest,middle
M,0.6425,youngest,middle
M,0.6725,youngest,middle
I,0.5785,youngest,middle
I,0.769,youngest,middle
M,0.7125,youngest,middle
M,0.6515,youngest,middle
M,0.9035,youngest,middle
F,1.1155,youngest,middle
I,0.084,youngest,lightest
I,0.2485,youngest,lightest
I,0.32,youngest,lightest
I,0.282,youngest,lightest
I,0.316,youngest,lightest
I,0.3625,youngest,lightest
I,0.3685,youngest,lightest
M,0.397,youngest,lightest
I,0.418,youngest,lightest
I,0.3705,youngest,lightest
I,0.409,youngest,lightest
I,0.434,youngest,lightest
I,0.3715,youngest,lightest
I,0.4155,youngest,lightest
M,0.544,youngest,middle
I,0.4545,youngest,middle
M,0.5225,youngest,middle
I,0.5495,youngest,middle
F,0.5445,youngest,middle
F,1.019,youngest,middle
M,0.7835,youngest,middle
F,0.9945,youngest,middle
M,0.9555,youngest,middle
I,0.2085,youngest,lightest
I,0.2015,youngest,lightest
I,0.196,youngest,lightest
I,0.213,youngest,lightest
I,0.2445,youngest,lightest
I,0.2385,youngest,lightest
I,0.218,youngest,lightest
I,0.302,youngest,lightest
I,0.3265,youngest,lightest
I,0.33,youngest,lightest
I,0.3335,youngest,lightest
I,0.3055,youngest,lightest
I,0.301,youngest,lightest
I,0.3685,youngest,lightest
I,0.466,youngest,middle
I,0.5125,youngest,middle
I,0.5695,youngest,middle
I,0.594,youngest,middle
I,0.625,youngest,middle
I,0.2215,youngest,lightest
I,0.3155,youngest,lightest
I,0.2815,youngest,lightest
I,0.2825,youngest,lightest
I,0.501,youngest,middle
I,0.459,youngest,middle
F,0.566,youngest,middle
I,0.542,youngest,middle
F,0.573,youngest,middle
I,0.5625,youngest,middle
I,0.1985,youngest,lightest
I,0.2205,youngest,lightest
I,0.1845,youngest,lightest
I,0.2225,youngest,lightest
I,0.2165,youngest,lightest
I,0.243,youngest,lightest
I,0.257,youngest,lightest
I,0.252,youngest,lightest
I,0.281,youngest,lightest
I,0.2225,youngest,lightest
I,0.313,youngest,lightest
I,0.303,youngest,lightest
I,0.3295,youngest,lightest
I,0.4195,youngest,lightest
I,0.4,youngest,lightest
I,0.4255,youngest,lightest
M,0.4285,youngest,lightest
I,0.6025,youngest,middle
I,0.6025,youngest,middle
I,0.5545,youngest,middle
I,0.654,youngest,middle
I,0.5965,youngest,middle
I,0.657,youngest,middle
F,1.2795,youngest,heaviest
F,1.445,youngest,heaviest
F,0.597,youngest,middle
M,0.564,youngest,middle
M,0.414,youngest,lightest
M,0.5795,youngest,middle
M,0.65,youngest,middle
I,0.1275,youngest,lightest
I,0.2,youngest,lightest
I,0.223,youngest,lightest
I,0.2805,youngest,lightest
I,0.3305,youngest,lightest
I,0.3245,youngest,lightest
I,0.38,youngest,lightest
I,0.3215,youngest,lightest
I,0.445,youngest,lightest
I,0.568,youngest,middle
I,0.6645,youngest,middle
M,0.7075,youngest,middle
M,0.667,youngest,middle
I,0.0895,youngest,lightest
I,0.1745,youngest,lightest
I,0.17,youngest,lightest
I,0.196,youngest,lightest
I,0.22,youngest,lightest
I,0.3,youngest,lightest
I,0.2875,youngest,lightest
I,0.3675,youngest,lightest
I,0.346,youngest,lightest
I,0.4675,youngest,middle
I,0.293,youngest,lightest
F,0.368,youngest,lightest
I,0.336,youngest,lightest
M,0.4595,youngest,middle
M,0.4955,youngest,middle
F,0.689,youngest,middle
M,0.6435,youngest,middle
F,0.839,youngest,middle
I,0.2825,youngest,lightest
M,0.3355,youngest,lightest
M,0.361,youngest,lightest
I,0.232,youngest,lightest
F,0.282,youngest,lightest
M,0.3295,youngest,lightest
M,0.335,youngest,lightest
I,0.127,youngest,lightest
I,0.1735,youngest,lightest
M,0.106,youngest,lightest
M,0.1185,youngest,lightest
M,0.43,youngest,lightest
I,0.19,youngest,lightest
I,0.2235,youngest,lightest
I,0.086,youngest,lightest
M,0.2225,youngest,lightest
F,0.486,youngest,middle
I,0.4475,youngest,lightest
F,0.3315,youngest,lightest
I,0.385,youngest,lightest
M,0.2965,youngest,lightest
I,0.1455,youngest,lightest
I,0.1425,youngest,lightest
M,0.15,youngest,lightest
F,0.1855,youngest,lightest
M,0.39,youngest,lightest
I,0.144,youngest,lightest
I,0.4665,youngest,middle
M,0.6315,youngest,middle
I,0.6125,youngest,middle
I,0.149,youngest,lightest
I,0.185,youngest,lightest
I,0.279,youngest,lightest
I,0.3335,youngest,lightest
I,0.3885,youngest,lightest
I,0.495,youngest,middle
F,0.4555,youngest,middle
I,0.4155,youngest,lightest
I,0.474,youngest,middle
I,0.5735,youngest,middle
M,0.6215,youngest,middle
I,0.494,youngest,middle
I,0.6005,youngest,middle
M,0.7945,youngest,middle
F,0.963,youngest,middle
M,0.948,youngest,middle
M,1.046,youngest,middle
I,0.3515,youngest,lightest
I,0.3465,youngest,lightest
I,0.407,youngest,lightest
I,0.4215,youngest,lightest
I,0.3755,youngest,lightest
I,0.442,youngest,lightest
I,0.1315,youngest,lightest
I,0.5205,youngest,middle
I,0.512,youngest,middle
M,0.723,youngest,middle
M,0.778,youngest,middle
M,0.7865,youngest,middle
F,0.938,youngest,middle
M,1.198,youngest,heaviest
I,0.187,youngest,lightest
I,0.2065,youngest,lightest
I,0.2295,youngest,lightest
I,0.343,youngest,lightest
I,0.3415,youngest,lightest
I,0.271,youngest,lightest
I,0.268,youngest,lightest
I,0.358,youngest,lightest
I,0.3645,youngest,lightest
I,0.3505,youngest,lightest
I,0.5195,youngest,middle
M,0.7355,youngest,middle
I,0.183,youngest,lightest
I,0.187,youngest,lightest
I,0.2625,youngest,lightest
I,0.362,youngest,lightest
I,0.4445,youngest,lightest
I,0.511,youngest,middle
I,0.77,youngest,middle
M,0.818,youngest,middle
I,0.1965,youngest,lightest
I,0.1855,youngest,lightest
I,0.2145,youngest,lightest
I,0.298,youngest,lightest
I,0.336,youngest,lightest
M,1.1885,youngest,heaviest
I,0.5745,youngest,middle
I,0.2665,youngest,lightest
I,0.3535,youngest,lightest
I,0.44,youngest,lightest
I,0.572,youngest,middle
I,0.204,youngest,lightest
I,0.3075,youngest,lightest
I,0.226,youngest,lightest
I,0.2285,youngest,lightest
I,0.3045,youngest,lightest
I,0.3975,youngest,lightest
I,0.379,youngest,lightest
F,0.952,youngest,middle
M,0.56,youngest,middle
I,0.1165,youngest,lightest
F,0.2685,youngest,lightest
M,0.9235,youngest,middle
I,0.1515,youngest,lightest
F,0.4195,youngest,lightest
M,0.484,youngest,middle
M,0.084,youngest,lightest
F,0.1485,youngest,lightest
I,0.1765,youngest,lightest
I,0.3095,youngest,lightest
I,0.313,youngest,lightest
I,0.3855,youngest,lightest
F,0.5265,youngest,middle
M,0.9,youngest,middle
I,0.257,youngest,lightest
I,0.5055,youngest,middle
F,0.4705,youngest,middle
I,0.513,youngest,middle
M,0.6435,youngest,middle
M,0.8115,youngest,middle
F,0.7115,youngest,middle
I,0.258,youngest,lightest
I,0.411,youngest,lightest
I,0.38,youngest,lightest
I,0.4485,youngest,lightest
I,0.4155,youngest,lightest
I,0.637,youngest,middle
I,0.1765,youngest,lightest
I,0.2055,youngest,lightest
I,0.2345,youngest,lightest
I,0.2305,youngest,lightest
M,0.4385,youngest,lightest
I,0.498,youngest,middle
F,0.594,youngest,middle
I,0.325,youngest,lightest
F,0.5805,youngest,middle
M,0.8035,youngest,middle
I,0.1005,youngest,lightest
I,0.4035,youngest,lightest
I,0.4175,youngest,lightest
M,0.7315,youngest,middle
I,0.4015,youngest,lightest
I,0.465,youngest,middle
I,0.2885,youngest,lightest
F,0.6475,youngest,middle
F,0.9145,youngest,middle
M,0.775,youngest,middle
I,0.1865,youngest,lightest
I,0.32,youngest,lightest
I,0.3935,youngest,lightest
I,0.129,youngest,lightest
I,0.2255,youngest,lightest
M,1.127,youngest,middle
F,0.4425,youngest,lightest
F,0.3005,youngest,lightest
I,0.286,youngest,lightest
I,0.335,youngest,lightest
F,0.4915,youngest,middle
M,0.556,youngest,middle
I,0.3905,youngest,lightest
I,0.494,youngest,middle
I,0.4905,youngest,middle
F,0.7745,youngest,middle
I,0.5365,youngest,middle
I,0.1965,youngest,lightest
I,0.196,youngest,lightest
I,0.334,youngest,lightest
I,0.366,youngest,lightest
M,0.6925,youngest,middle
I,0.317,youngest,lightest
I,0.2645,youngest,lightest
I,0.524,youngest,middle
I,0.3415,youngest,lightest
I,0.519,youngest,middle
M,0.197,youngest,lightest
I,0.14,youngest,lightest
I,0.218,youngest,lightest
I,0.344,youngest,lightest
I,0.2845,youngest,lightest
I,0.3035,youngest,lightest
I,0.3515,middle,lightest
M,0.4795,middle,middle
F,0.5225,middle,middle
I,0.595,middle,middle
F,0.6615,middle,middle
M,0.4425,middle,lightest
M,0.5895,middle,middle
M,0.58,middle,middle
M,0.48,middle,middle
F,0.353,middle,lightest
M,0.523,middle,middle
M,0.2605,middle,lightest
I,0.2505,middle,lightest
F,0.406,middle,lightest
M,1.065,middle,middle
F,0.776,middle,middle
I,0.1435,middle,lightest
I,0.22,middle,lightest
M,0.369,middle,lightest
I,0.3795,middle,lightest
M,0.46,middle,middle
F,0.32,middle,lightest
I,0.1275,middle,lightest
I,0.1655,middle,lightest
M,0.2925,middle,lightest
M,0.252,middle,lightest
I,0.4585,middle,middle
M,0.241,middle,lightest
I,0.2255,middle,lightest
F,0.3185,middle,lightest
F,0.746,middle,middle
I,0.2715,middle,lightest
F,1.153,middle,heaviest
M,0.5865,middle,middle
M,0.479,middle,middle
M,0.827,middle,middle
I,0.101,middle,lightest
I,0.192,middle,lightest
M,0.3615,middle,lightest
M,0.08,middle,lightest
F,0.364,middle,lightest
F,0.2815,middle,lightest
M,0.168,middle,lightest
F,0.2225,middle,lightest
M,0.201,middle,lightest
I,0.0975,middle,lightest
F,0.2065,middle,lightest
I,0.521,middle,middle
M,0.2685,middle,lightest
I,0.547,middle,middle
M,0.5805,middle,middle
F,0.6395,middle,middle
M,0.609,middle,middle
M,0.8275,middle,middle
M,0.7635,middle,middle
F,0.923,middle,middle
F,1.2095,middle,heaviest
F,1.486,middle,heaviest
I,0.144,middle,lightest
I,0.3995,middle,lightest
I,0.4445,middle,lightest
M,0.612,middle,middle
F,0.582,middle,middle
M,0.439,middle,lightest
M,0.649,middle,middle
M,0.6335,middle,middle
I,0.56,middle,middle
I,0.685,middle,middle
I,0.601,middle,middle
M,0.769,middle,middle
M,0.7035,middle,middle
M,0.796,middle,middle
F,0.834,middle,middle
F,0.724,middle,middle
F,0.7585,middle,middle
F,0.8495,middle,middle
F,0.8215,middle,middle
M,0.7165,middle,middle
M,0.874,middle,middle
F,0.6975,middle,middle
F,1.107,middle,middle
M,1.0635,middle,middle
F,1.0515,middle,middle
F,1.137,middle,middle
M,1.206,middle,heaviest
F,1.063,middle,middle
F,1.2525,middle,heaviest
M,1.278,middle,heaviest
M,1.1785,middle,heaviest
M,1.561,middle,heaviest
F,1.4325,middle,heaviest
M,1.7005,middle,heaviest
I,0.411,middle,lightest
I,0.462,middle,middle
I,0.6245,middle,middle
I,0.519,middle,middle
I,0.6795,middle,middle
I,0.5155,middle,middle
I,0.6115,middle,middle
I,0.5395,middle,middle
I,0.5545,middle,middle
I,0.6455,middle,middle
I,0.608,middle,middle
I,0.617,middle,middle
F,0.8145,middle,middle
F,0.84,middle,middle
M,0.8965,middle,middle
F,0.6405,middle,middle
M,0.852,middle,middle
M,0.99,middle,middle
F,0.8775,middle,middle
I,0.755,middle,middle
M,1.114,middle,middle
M,1.0025,middle,middle
M,0.9955,middle,middle
M,1.1915,middle,heaviest
F,1.1025,middle,middle
M,1.0145,middle,middle
M,1.0195,middle,middle
M,0.858,middle,middle
F,1.1125,middle,middle
M,1.2065,middle,heaviest
M,1.1325,middle,middle
M,1.363,middle,heaviest
M,1.187,middle,heaviest
I,0.1785,middle,lightest
I,0.2025,middle,lightest
I,0.2105,middle,lightest
I,0.2175,middle,lightest
I,0.284,middle,lightest
I,0.2725,middle,lightest
I,0.428,middle,lightest
I,0.378,middle,lightest
I,0.4005,middle,lightest
F,0.4305,middle,lightest
I,0.372,middle,lightest
F,0.4785,middle,middle
I,0.411,middle,lightest
I,0.48,middle,middle
I,0.393,middle,lightest
I,0.5035,middle,middle
I,0.441,middle,lightest
I,0.492,middle,middle
I,0.4725,middle,middle
I,0.461,middle,middle
I,0.4965,middle,middle
M,0.553,middle,middle
I,0.6015,middle,middle
I,0.551,middle,middle
I,0.5765,middle,middle
I,0.7715,middle,middle
I,0.5945,middle,middle
F,0.8495,middle,middle
M,0.796,middle,middle
I,0.794,middle,middle
F,0.858,middle,middle
M,0.7995,middle,middle
I,0.3425,middle,lightest
M,0.4565,middle,middle
I,0.436,middle,lightest
M,0.649,middle,middle
M,0.6435,middle,middle
I,0.556,middle,middle
M,0.9365,middle,middle
M,0.559,middle,middle
M,0.7205,middle,middle
M,0.7575,middle,middle
F,0.84,middle,middle
F,0.8745,middle,middle
M,0.9875,middle,middle
M,0.9155,middle,middle
M,0.906,middle,middle
M,0.8725,middle,middle
F,0.9905,middle,middle
M,0.945,middle,middle
I,0.8425,middle,middle
F,1.012,middle,middle
M,1.308,middle,heaviest
M,1.175,middle,heaviest
I,0.2,middle,lightest
I,0.2365,middle,lightest
I,0.308,middle,lightest
I,0.304,middle,lightest
I,0.28,middle,lightest
I,0.317,middle,lightest
I,0.3245,middle,lightest
I,0.393,middle,lightest
I,0.499,middle,middle
I,0.6325,middle,middle
I,0.4905,middle,middle
I,0.536,middle,middle
M,0.464,middle,middle
I,0.4615,middle,middle
I,0.624,middle,middle
I,0.4715,middle,middle
I,0.602,middle,middle
I,0.616,middle,middle
I,0.5955,middle,middle
I,0.6635,middle,middle
I,0.5705,middle,middle
M,0.845,middle,middle
I,0.615,middle,middle
I,0.686,middle,middle
I,0.543,middle,middle
I,0.717,middle,middle
I,0.7815,middle,middle
I,0.7665,middle,middle
I,0.765,middle,middle
I,0.7235,middle,middle
F,0.7805,middle,middle
M,0.867,middle,middle
F,0.9965,middle,middle
F,1.0305,middle,middle
F,0.834,middle,middle
F,0.9,middle,middle
I,0.8335,middle,middle
F,0.9735,middle,middle
I,0.9175,middle,middle
M,0.884,middle,middle
F,0.991,middle,middle
F,1.1965,middle,heaviest
I,0.5965,middle,middle
I,0.82,middle,middle
I,0.434,middle,lightest
I,0.5205,middle,middle
F,0.8795,middle,middle
M,1.007,middle,middle
M,0.7545,middle,middle
F,0.771,middle,middle
I,1.0835,middle,middle
I,0.8935,middle,middle
I,0.8915,middle,middle
F,1.0725,middle,middle
I,0.2665,middle,lightest
I,0.311,middle,lightest
I,0.3405,middle,lightest
I,0.335,middle,lightest
I,0.358,middle,lightest
I,0.487,middle,middle
I,0.5155,middle,middle
I,0.5095,middle,middle
I,0.5,middle,middle
I,0.494,middle,middle
I,0.7045,middle,middle
M,0.5785,middle,middle
I,0.5185,middle,middle
I,0.6965,middle,middle
I,0.677,middle,middle
I,0.6255,middle,middle
M,0.7495,middle,middle
M,0.599,middle,middle
M,1.031,middle,middle
F,0.957,middle,middle
I,0.316,middle,lightest
I,0.3675,middle,lightest
M,0.4955,middle,middle
I,0.5185,middle,middle
I,0.1745,middle,lightest
I,0.152,middle,lightest
I,0.2755,middle,lightest
I,0.312,middle,lightest
I,0.378,middle,lightest
M,0.4655,middle,middle
F,0.594,middle,middle
M,0.4935,middle,middle
I,0.5465,middle,middle
M,0.617,middle,middle
I,0.538,middle,middle
F,0.6355,middle,middle
M,0.5115,middle,middle
M,0.738,middle,middle
F,0.699,middle,middle
M,0.8685,middle,middle
F,0.909,middle,middle
M,1.2435,middle,heaviest
M,1.238,middle,heaviest
F,0.66,middle,middle
M,0.4775,middle,middle
M,0.7185,middle,middle
F,0.608,middle,middle
M,0.4265,middle,lightest
F,0.4005,middle,lightest
M,0.3245,middle,lightest
F,0.3025,middle,lightest
M,0.4215,middle,lightest
F,0.445,middle,lightest
F,0.7875,middle,middle
I,0.444,middle,lightest
F,0.4755,middle,middle
M,0.5825,middle,middle
M,0.406,middle,lightest
I,0.5705,middle,middle
M,0.578,middle,middle
I,0.585,middle,middle
I,0.137,middle,lightest
I,0.306,middle,lightest
I,0.354,middle,lightest
F,0.382,middle,lightest
F,1.0705,middle,middle
I,0.0995,middle,lightest
M,0.413,middle,lightest
F,0.227,middle,lightest
F,0.441,middle,lightest
M,0.271,middle,lightest
I,0.1925,middle,lightest
I,0.2865,middle,lightest
I,0.34,middle,lightest
M,0.5,middle,middle
F,0.6265,middle,middle
I,0.5555,middle,middle
F,0.6015,middle,middle
M,0.7715,middle,middle
F,1.332,middle,heaviest
I,0.468,middle,middle
I,0.468,middle,middle
M,0.5135,middle,middle
M,0.812,middle,middle
F,0.889,middle,middle
F,0.964,middle,middle
F,0.8585,middle,middle
F,0.888,middle,middle
F,0.9045,middle,middle
F,0.9325,middle,middle
F,1.235,middle,heaviest
M,1.1495,middle,middle
M,1.2,middle,heaviest
F,1.1075,middle,middle
M,1.286,middle,heaviest
M,1.71,middle,heaviest
I,0.3645,middle,lightest
I,0.5535,middle,middle
I,0.5445,middle,middle
M,0.554,middle,middle
I,0.583,middle,middle
I,0.5395,middle,middle
I,0.625,middle,middle
I,0.636,middle,middle
F,0.8435,middle,middle
I,0.648,middle,middle
F,0.897,middle,middle
M,0.852,middle,middle
F,0.6955,middle,middle
M,0.861,middle,middle
F,1.0115,middle,middle
F,1.1005,middle,middle
M,1.027,middle,middle
I,0.3,middle,lightest
I,0.244,middle,lightest
I,0.3075,middle,lightest
I,0.91,middle,middle
I,0.3,middle,lightest
I,0.326,middle,lightest
I,0.314,middle,lightest
I,0.4025,middle,lightest
M,0.4305,middle,lightest
I,0.486,middle,middle
I,0.471,middle,middle
I,0.415,middle,lightest
I,0.5215,middle,middle
I,0.4475,middle,lightest
I,0.7665,middle,middle
I,0.531,middle,middle
I,0.607,middle,middle
I,0.6445,middle,middle
F,0.9475,middle,middle
F,1.1465,middle,middle
F,0.8755,middle,middle
M,1.05,middle,middle
I,0.232,middle,lightest
I,0.589,middle,middle
I,0.529,middle,middle
F,0.782,middle,middle
M,0.8745,middle,middle
F,0.95,middle,middle
M,1.082,middle,middle
F,1.144,middle,middle
I,0.3245,middle,lightest
I,0.371,middle,lightest
F,0.4085,middle,lightest
I,0.587,middle,middle
I,0.494,middle,middle
I,0.614,middle,middle
I,0.5445,middle,middle
I,0.5605,middle,middle
M,0.521,middle,middle
I,0.5935,middle,middle
I,0.597,middle,middle
M,0.9505,middle,middle
I,0.616,middle,middle
F,0.8725,middle,middle
I,0.7595,middle,middle
I,0.804,middle,middle
I,0.664,middle,middle
I,0.728,middle,middle
F,0.8765,middle,middle
M,0.9655,middle,middle
M,0.9065,middle,middle
F,1.29,middle,heaviest
I,0.4295,middle,lightest
M,1.029,middle,middle
M,0.981,middle,middle
F,0.693,middle,middle
F,0.7905,middle,middle
I,0.775,middle,middle
M,1.0835,middle,middle
I,0.9845,middle,middle
I,0.237,middle,lightest
I,0.215,middle,lightest
I,0.335,middle,lightest
I,0.365,middle,lightest
I,0.4045,middle,lightest
I,0.3965,middle,lightest
I,0.5225,middle,middle
I,0.507,middle,middle
I,0.5285,middle,middle
I,0.6275,middle,middle
M,0.6835,middle,middle
I,0.7425,middle,middle
I,0.974,middle,middle
I,0.262,middle,lightest
M,0.458,middle,middle
F,0.655,middle,middle
M,1.193,middle,heaviest
I,0.2995,middle,lightest
I,0.361,middle,lightest
F,0.4705,middle,middle
M,0.751,middle,middle
M,0.8755,middle,middle
M,0.547,middle,middle
M,0.2505,middle,lightest
I,0.102,middle,lightest
F,0.632,middle,middle
I,0.116,middle,lightest
M,0.753,middle,middle
I,0.2225,middle,lightest
I,0.533,middle,middle
I,0.259,middle,lightest
I,0.4545,middle,middle
I,0.239,middle,lightest
M,0.1635,middle,lightest
I,0.1,middle,lightest
F,0.44,middle,lightest
M,0.224,middle,lightest
I,0.196,middle,lightest
I,0.5785,middle,middle
F,1.2495,middle,heaviest
M,1.1685,middle,heaviest
I,0.279,middle,lightest
I,0.456,middle,middle
M,0.643,middle,middle
I,0.578,middle,middle
I,0.596,middle,middle
F,0.5725,middle,middle
M,0.9155,middle,middle
F,0.8815,middle,middle
F,0.931,middle,middle
F,1.065,middle,middle
F,1.0745,middle,middle
M,1.403,middle,heaviest
I,0.4385,middle,lightest
I,0.7095,middle,middle
F,1.1155,middle,middle
I,0.599,middle,middle
I,0.5345,middle,middle
F,0.627,middle,middle
M,0.985,middle,middle
M,0.85,middle,middle
M,0.838,middle,middle
M,0.7615,middle,middle
M,0.87,middle,middle
M,0.939,middle,middle
I,0.405,middle,lightest
I,0.396,middle,lightest
I,0.3615,middle,lightest
I,0.514,middle,middle
I,0.4265,middle,lightest
I,0.384,middle,lightest
I,0.4355,middle,lightest
M,0.5585,middle,middle
I,0.567,middle,middle
I,0.658,middle,middle
M,0.78,middle,middle
I,0.7025,middle,middle
F,0.8875,middle,middle
I,0.8725,middle,middle
M,0.928,middle,middle
F,1.2835,middle,heaviest
I,0.226,middle,lightest
I,0.514,middle,middle
I,0.5755,middle,middle
M,0.678,middle,middle
F,1.275,middle,heaviest
I,0.2745,middle,lightest
I,0.344,middle,lightest
I,0.3275,middle,lightest
I,0.4975,middle,middle
I,0.3685,middle,lightest
I,0.426,middle,lightest
I,0.6385,middle,middle
I,0.753,middle,middle
I,0.983,middle,middle
M,0.9895,middle,middle
I,0.7865,middle,middle
I,0.4155,middle,lightest
I,0.4775,middle,middle
I,0.452,middle,middle
I,0.5065,middle,middle
I,0.5525,middle,middle
I,0.475,middle,middle
M,0.8275,middle,middle
F,1.072,middle,middle
I,0.3505,middle,lightest
F,0.5885,middle,middle
F,0.5375,middle,middle
I,0.5655,middle,middle
I,0.221,middle,lightest
I,0.386,middle,lightest
M,0.5315,middle,middle
M,0.562,middle,middle
M,0.9275,middle,middle
I,0.185,middle,lightest
M,0.79,middle,middle
M,0.4405,middle,lightest
F,0.3975,middle,lightest
M,0.125,middle,lightest
F,0.487,middle,middle
I,0.5805,middle,middle
M,0.4015,middle,lightest
I,0.409,middle,lightest
M,0.599,middle,middle
M,0.9795,middle,middle
M,1.3855,middle,heaviest
I,0.562,middle,middle
I,0.597,middle,middle
M,1.146,middle,middle
F,1.011,middle,middle
M,1.131,middle,middle
M,1.2275,middle,heaviest
I,0.2805,middle,lightest
I,0.4965,middle,middle
I,0.651,middle,middle
I,0.74,middle,middle
F,0.926,middle,middle
M,0.6125,middle,middle
I,0.658,middle,middle
I,0.4055,middle,lightest
I,0.464,middle,middle
I,0.439,middle,lightest
I,0.622,middle,middle
M,0.7805,middle,middle
I,0.772,middle,middle
M,0.7275,middle,middle
I,0.7005,middle,middle
M,0.874,middle,middle
M,0.5305,middle,middle
I,0.7165,middle,middle
I,0.837,middle,middle
I,0.4495,middle,lightest
I,0.557,middle,middle
I,0.516,middle,middle
M,0.9205,middle,middle
I,0.384,middle,lightest
M,0.4895,middle,middle
M,0.5135,middle,middle
I,0.4495,middle,lightest
M,0.3175,middle,lightest
F,0.615,middle,middle
M,0.8675,middle,middle
F,0.677,middle,middle
M,0.5095,middle,middle
M,0.381,middle,lightest
F,0.7635,middle,middle
M,0.3275,middle,lightest
F,0.425,middle,lightest
M,0.5795,middle,middle
F,0.8355,middle,middle
M,0.625,middle,middle
M,0.944,middle,middle
F,0.941,middle,middle
F,0.517,middle,middle
M,0.725,middle,middle
F,0.6335,middle,middle
F,0.3635,middle,lightest
M,0.5415,middle,middle
M,0.431,middle,lightest
I,0.3325,middle,lightest
M,0.393,middle,lightest
F,0.8825,middle,middle
F,0.4205,middle,lightest
F,0.4035,middle,lightest
M,0.2005,middle,lightest
F,0.3555,middle,lightest
M,0.253,middle,lightest
I,0.127,middle,lightest
F,1.1185,middle,middle
F,0.9325,middle,middle
F,0.4165,middle,lightest
F,0.482,middle,middle
I,0.315,middle,lightest
M,0.6155,middle,middle
F,0.455,middle,middle
F,0.5755,middle,middle
F,0.45,middle,middle
I,0.124,middle,lightest
I,0.1975,middle,lightest
M,0.6355,middle,middle
F,0.4495,middle,lightest
M,0.4775,middle,middle
M,0.234,middle,lightest
F,0.3485,middle,lightest
F,0.756,middle,middle
M,0.93,middle,middle
F,0.4925,middle,middle
I,0.471,middle,middle
I,0.25,middle,lightest
F,0.5885,middle,middle
M,0.7225,middle,middle
M,0.3055,middle,lightest
F,0.714,middle,middle
I,0.199,middle,lightest
F,0.7835,middle,middle
I,0.3575,middle,lightest
F,0.421,middle,lightest
M,0.2795,middle,lightest
I,0.218,middle,lightest
M,0.24,middle,lightest
F,0.38,middle,lightest
I,0.591,middle,middle
F,0.25,middle,lightest
F,0.7135,middle,middle
M,0.195,middle,lightest
M,0.155,middle,lightest
M,0.1295,middle,lightest
I,0.49,middle,middle
I,0.5225,middle,middle
M,0.2105,middle,lightest
M,0.3715,middle,lightest
M,0.777,middle,middle
F,0.447,middle,lightest
M,0.283,middle,lightest
F,0.4525,middle,middle
M,0.417,middle,lightest
M,0.1915,middle,lightest
M,0.6595,middle,middle
M,0.197,middle,lightest
M,0.462,middle,middle
F,0.5755,middle,middle
F,0.644,middle,middle
M,0.51,middle,middle
M,0.394,middle,lightest
M,0.4405,middle,lightest
I,0.501,middle,middle
I,0.5465,middle,middle
I,0.498,middle,middle
F,0.7555,middle,middle
M,0.5975,middle,middle
M,0.891,middle,middle
M,0.9685,middle,middle
M,0.952,middle,middle
F,0.958,middle,middle
M,1.077,middle,middle
M,1.1035,middle,middle
M,1.296,middle,heaviest
M,1.307,middle,heaviest
M,1.3555,middle,heaviest
F,1.2945,middle,heaviest
M,1.4095,middle,heaviest
F,1.4785,middle,heaviest
M,0.537,middle,middle
F,0.674,middle,middle
M,0.642,middle,middle
F,0.9905,middle,middle
F,0.8105,middle,middle
F,0.967,middle,middle
M,1.114,middle,middle
F,1.103,middle,middle
M,1.1335,middle,middle
M,1.213,middle,heaviest
F,1.0045,middle,middle
M,1.044,middle,middle
F,1.1345,middle,middle
M,1.161,middle,heaviest
F,1.288,middle,heaviest
F,1.38,middle,heaviest
M,1.304,middle,heaviest
F,1.494,middle,heaviest
M,1.5905,middle,heaviest
I,0.542,middle,middle
I,0.5575,middle,middle
M,0.7765,middle,middle
I,0.601,middle,middle
M,0.7555,middle,middle
I,0.599,middle,middle
M,0.793,middle,middle
M,0.82,middle,middle
M,0.8995,middle,middle
M,0.9595,middle,middle
F,1.0095,middle,middle
M,1.0375,middle,middle
M,0.8455,middle,middle
F,0.869,middle,middle
M,0.907,middle,middle
M,1.0225,middle,middle
M,0.847,middle,middle
M,1.859,middle,heaviest
M,0.814,middle,middle
M,0.9615,middle,middle
F,0.93,middle,middle
M,0.9335,middle,middle
F,1.0265,middle,middle
F,1.1775,middle,heaviest
M,1.1175,middle,middle
F,1.056,middle,middle
M,1.3305,middle,heaviest
M,1.052,middle,middle
F,0.923,middle,middle
F,1.027,middle,middle
F,1.3745,middle,heaviest
F,1.1565,middle,heaviest
F,1.464,middle,heaviest
I,1.2975,middle,heaviest
F,1.3645,middle,heaviest
F,1.454,middle,heaviest
F,1.5535,middle,heaviest
M,1.751,middle,heaviest
F,1.6465,middle,heaviest
F,1.219,middle,heaviest
I,0.2615,middle,lightest
I,0.438,middle,lightest
I,0.448,middle,lightest
I,0.3705,middle,lightest
I,0.5435,middle,middle
I,0.594,middle,middle
M,0.6765,middle,middle
I,0.5795,middle,middle
I,0.6615,middle,middle
I,0.6215,middle,middle
I,0.6965,middle,middle
I,0.663,middle,middle
I,0.6965,middle,middle
M,0.842,middle,middle
I,0.694,middle,middle
I,0.5745,middle,middle
I,0.7675,middle,middle
I,0.6025,middle,middle
F,0.7145,middle,middle
M,0.717,middle,middle
I,0.7265,middle,middle
F,0.8,middle,middle
F,0.651,middle,middle
M,0.8745,middle,middle
I,0.7305,middle,middle
M,0.8705,middle,middle
I,0.7665,middle,middle
I,0.7905,middle,middle
I,0.8205,middle,middle
I,0.688,middle,middle
I,0.974,middle,middle
F,0.9795,middle,middle
M,0.8965,middle,middle
F,1.078,middle,middle
M,0.9145,middle,middle
I,0.7715,middle,middle
M,1.187,middle,heaviest
F,1.076,middle,middle
I,0.9605,middle,middle
M,1.118,middle,middle
M,1.082,middle,middle
F,1.264,middle,heaviest
F,1.3205,middle,heaviest
F,1.4595,middle,heaviest
F,1.211,middle,heaviest
M,1.542,middle,heaviest
M,1.7925,middle,heaviest
F,2.25,middle,heaviest
M,0.3895,middle,lightest
I,0.4465,middle,lightest
I,0.4615,middle,middle
M,0.5525,middle,middle
F,0.6855,middle,middle
I,0.7045,middle,middle
F,0.7405,middle,middle
M,0.793,middle,middle
F,0.8715,middle,middle
M,1.08,middle,middle
F,1.165,middle,heaviest
F,0.953,middle,middle
F,1.151,middle,heaviest
F,1.04,middle,middle
M,1.259,middle,heaviest
F,1.201,middle,heaviest
F,1.289,middle,heaviest
M,1.0725,middle,middle
M,1.1005,middle,middle
M,1.1315,middle,middle
F,1.5335,middle,heaviest
F,1.3825,middle,heaviest
I,0.4365,middle,lightest
I,0.474,middle,middle
I,0.559,middle,middle
I,0.4725,middle,middle
I,0.646,middle,middle
I,0.664,middle,middle
M,0.707,middle,middle
I,0.555,middle,middle
I,0.836,middle,middle
I,0.742,middle,middle
I,0.8195,middle,middle
I,0.6275,middle,middle
I,0.686,middle,middle
I,0.639,middle,middle
I,0.5585,middle,middle
I,0.743,middle,middle
F,0.863,middle,middle
M,0.802,middle,middle
M,0.795,middle,middle
I,0.848,middle,middle
I,0.867,middle,middle
I,0.78,middle,middle
I,0.8015,middle,middle
M,0.839,middle,middle
I,0.7095,middle,middle
F,1.13,middle,middle
M,0.9165,middle,middle
M,1.059,middle,middle
F,0.9775,middle,middle
I,0.8025,middle,middle
F,0.974,middle,middle
M,1.022,middle,middle
I,0.9225,middle,middle
M,1.1185,middle,middle
M,1.224,middle,heaviest
I,0.8565,middle,middle
F,1.0405,middle,middle
M,1.0985,middle,middle
I,1.044,middle,middle
M,1.0915,middle,middle
F,1.2615,middle,heaviest
M,1.4745,middle,heaviest
M,1.33,middle,heaviest
F,1.2415,middle,heaviest
M,1.2215,middle,heaviest
F,1.337,middle,heaviest
M,1.3835,middle,heaviest
F,1.043,middle,middle
M,1.3195,middle,heaviest
M,1.2975,middle,heaviest
M,0.968,middle,middle
I,0.869,middle,middle
M,1.0615,middle,middle
M,0.9225,middle,middle
F,1.1185,middle,middle
M,1.02,middle,middle
M,1.038,middle,middle
M,1.2525,middle,heaviest
M,1.254,middle,heaviest
M,1.3815,middle,heaviest
F,1.5475,middle,heaviest
F,1.5845,middle,heaviest
F,2.073,middle,heaviest
I,0.4535,middle,middle
I,0.457,middle,middle
I,0.5605,middle,middle
I,0.6375,middle,middle
I,0.5805,middle,middle
I,0.596,middle,middle
I,0.6095,middle,middle
I,0.7245,middle,middle
I,0.575,middle,middle
I,0.632,middle,middle
I,1.0015,middle,middle
F,0.9455,middle,middle
I,0.6555,middle,middle
I,0.687,middle,middle
I,0.738,middle,middle
M,0.837,middle,middle
I,0.832,middle,middle
I,0.8445,middle,middle
M,0.895,middle,middle
M,0.9415,middle,middle
F,0.803,middle,middle
M,0.785,middle,middle
M,0.9765,middle,middle
F,1.099,middle,middle
F,0.7955,middle,middle
M,0.857,middle,middle
F,0.8265,middle,middle
M,0.8295,middle,middle
F,0.862,middle,middle
M,1.0875,middle,middle
M,1.195,middle,heaviest
M,1.309,middle,heaviest
M,1.331,middle,heaviest
M,1.2525,middle,heaviest
M,1.1285,middle,middle
M,1.1445,middle,middle
I,0.271,middle,lightest
M,0.653,middle,middle
I,0.6855,middle,middle
M,0.6335,middle,middle
M,0.6875,middle,middle
F,0.741,middle,middle
F,0.6355,middle,middle
F,0.8215,middle,middle
M,0.9255,middle,middle
M,1.063,middle,middle
M,1.5655,middle,heaviest
I,0.379,middle,lightest
I,0.4325,middle,lightest
M,0.7815,middle,middle
F,0.7505,middle,middle
F,0.844,middle,middle
M,0.8705,middle,middle
F,0.83,middle,middle
M,0.919,middle,middle
F,1.056,middle,middle
M,1.2095,middle,heaviest
I,0.315,middle,lightest
M,0.276,middle,lightest
I,0.452,middle,middle
I,0.433,middle,lightest
I,0.4555,middle,middle
M,0.97,middle,middle
M,0.4585,middle,middle
F,0.932,middle,middle
I,0.3945,middle,lightest
M,0.401,middle,lightest
F,0.3455,middle,lightest
F,0.897,middle,middle
F,1.136,middle,middle
M,0.4475,middle,lightest
F,0.6865,middle,middle
F,0.797,middle,middle
F,0.729,middle,middle
F,0.903,middle,middle
M,0.5105,middle,middle
F,0.543,middle,middle
M,0.7175,middle,middle
M,0.487,middle,middle
I,0.347,middle,lightest
I,0.352,middle,lightest
F,0.7145,middle,middle
F,0.3215,middle,lightest
M,0.5735,middle,middle
I,0.3435,middle,lightest
F,0.6295,middle,middle
F,0.4715,middle,middle
I,0.537,middle,middle
I,0.28,middle,lightest
M,0.213,middle,lightest
I,0.17,middle,lightest
F,0.197,middle,lightest
M,0.4625,middle,middle
M,0.528,middle,middle
F,0.27,middle,lightest
M,0.282,middle,lightest
M,0.3755,middle,lightest
M,0.2935,middle,lightest
F,0.2,middle,lightest
M,0.872,middle,middle
M,0.8115,middle,middle
F,0.983,middle,middle
M,1.09,middle,middle
M,1.262,middle,heaviest
F,1.4405,middle,heaviest
F,1.1405,middle,middle
F,1.659,middle,heaviest
M,0.486,middle,middle
M,0.646,middle,middle
M,0.7345,middle,middle
F,0.995,middle,middle
F,1.1775,middle,heaviest
F,1.0765,middle,middle
M,1.247,middle,heaviest
F,1.2705,middle,heaviest
F,1.3245,middle,heaviest
F,1.127,middle,middle
F,1.147,middle,middle
M,1.251,middle,heaviest
F,1.4415,middle,heaviest
M,1.6385,middle,heaviest
M,0.5765,middle,middle
I,0.5925,middle,middle
I,0.633,middle,middle
F,0.832,middle,middle
F,0.778,middle,middle
M,0.784,middle,middle
F,0.908,middle,middle
M,1.02,middle,middle
F,0.811,middle,middle
M,1.004,middle,middle
M,1.108,middle,middle
M,0.852,middle,middle
F,1.055,middle,middle
F,1.084,middle,middle
M,1.1,middle,middle
F,1.115,middle,middle
M,1.1845,middle,heaviest
M,1.192,middle,heaviest
F,1.285,middle,heaviest
M,1.1805,middle,heaviest
M,1.2655,middle,heaviest
M,1.407,middle,heaviest
F,1.122,middle,middle
F,1.349,middle,heaviest
M,1.51,middle,heaviest
I,0.4235,middle,lightest
I,0.596,middle,middle
I,0.5385,middle,middle
F,0.516,middle,middle
I,0.6315,middle,middle
I,0.912,middle,middle
I,0.936,middle,middle
F,0.8975,middle,middle
F,0.844,middle,middle
I,0.6735,middle,middle
M,0.9235,middle,middle
M,0.877,middle,middle
M,1.285,middle,heaviest
F,1.1605,middle,heaviest
M,1.368,middle,heaviest
F,1.4045,middle,heaviest
F,1.711,middle,heaviest
F,1.757,middle,heaviest
M,2.3305,middle,heaviest
M,0.5945,middle,middle
M,0.872,middle,middle
F,0.8435,middle,middle
F,0.8035,middle,middle
F,0.8115,middle,middle
M,0.984,middle,middle
M,1.1735,middle,heaviest
M,1.0785,middle,middle
M,1.057,middle,middle
M,1.11,middle,middle
F,1.254,middle,heaviest
F,1.1665,middle,heaviest
I,0.447,middle,lightest
I,0.5075,middle,middle
I,0.6115,middle,middle
I,0.5775,middle,middle
F,0.745,middle,middle
I,0.777,middle,middle
I,0.9895,middle,middle
F,0.9705,middle,middle
F,0.92,middle,middle
I,0.855,middle,middle
M,1.142,middle,middle
I,0.755,middle,middle
I,0.9205,middle,middle
F,0.9625,middle,middle
M,1.167,middle,heaviest
F,1.1215,middle,middle
F,0.9545,middle,middle
M,1.2795,middle,heaviest
I,1.2565,middle,heaviest
M,1.4005,middle,heaviest
M,1.4405,middle,heaviest
F,1.183,middle,heaviest
M,0.873,middle,middle
M,0.9415,middle,middle
F,1.007,middle,middle
M,1.024,middle,middle
M,1.281,middle,heaviest
F,1.136,middle,middle
F,1.2235,middle,heaviest
M,1.006,middle,middle
I,0.3875,middle,lightest
I,0.372,middle,lightest
I,0.456,middle,middle
I,0.6885,middle,middle
M,0.894,middle,middle
I,0.768,middle,middle
M,0.9785,middle,middle
I,0.9175,middle,middle
M,0.9765,middle,middle
M,0.853,middle,middle
M,0.9125,middle,middle
F,0.921,middle,middle
F,1.145,middle,middle
M,1.154,middle,heaviest
F,1.2015,middle,heaviest
F,1.204,middle,heaviest
M,0.622,middle,middle
M,0.706,middle,middle
F,0.5685,middle,middle
M,0.9465,middle,middle
F,0.6995,middle,middle
M,0.9215,middle,middle
F,1.1945,middle,heaviest
F,0.5565,middle,middle
M,0.5165,middle,middle
F,1.3235,middle,heaviest
M,0.4085,middle,lightest
M,0.635,middle,middle
F,0.397,middle,lightest
M,0.806,middle,middle
F,0.765,middle,middle
F,0.6765,middle,middle
M,0.3955,middle,lightest
F,0.578,middle,middle
M,0.1975,middle,lightest
I,0.1565,middle,lightest
M,0.2775,middle,lightest
I,0.375,middle,lightest
I,0.3915,middle,lightest
F,0.459,middle,middle
M,0.655,middle,middle
M,0.738,middle,middle
F,0.438,middle,lightest
I,0.5085,middle,middle
M,0.195,middle,lightest
M,0.306,middle,lightest
M,0.301,middle,lightest
M,0.2205,middle,lightest
I,0.209,middle,lightest
M,0.674,middle,middle
F,1.0315,middle,middle
M,1.0165,middle,middle
M,1.0325,middle,middle
F,0.569,middle,middle
M,1.1385,middle,middle
M,1.1325,middle,middle
F,1.1435,middle,middle
M,1.4545,middle,heaviest
F,1.523,middle,heaviest
F,0.812,middle,middle
F,0.9835,middle,middle
F,1.0155,middle,middle
M,1.179,middle,heaviest
F,1.1545,middle,heaviest
M,1.469,middle,heaviest
F,1.3275,middle,heaviest
I,0.2775,middle,lightest
I,0.4865,middle,middle
I,0.494,middle,middle
I,0.528,middle,middle
I,0.636,middle,middle
I,0.6615,middle,middle
I,0.6075,middle,middle
I,0.7745,middle,middle
I,0.8515,middle,middle
F,0.895,middle,middle
M,0.886,middle,middle
M,1.041,middle,middle
F,0.9355,middle,middle
F,1.058,middle,middle
F,1.0805,middle,middle
F,0.776,middle,middle
M,1.1415,middle,middle
F,1.273,middle,heaviest
M,1.2135,middle,heaviest
F,1.3875,middle,heaviest
F,0.913,middle,middle
M,0.8675,middle,middle
M,1.4335,middle,heaviest
M,0.9505,middle,middle
F,1.2645,middle,heaviest
F,1.4355,middle,heaviest
I,0.4075,middle,lightest
I,0.4425,middle,lightest
I,0.4225,middle,lightest
I,0.511,middle,middle
I,0.573,middle,middle
I,0.781,middle,middle
I,0.6765,middle,middle
M,0.769,middle,middle
M,0.737,middle,middle
I,0.717,middle,middle
I,0.783,middle,middle
I,0.872,middle,middle
I,0.7635,middle,middle
F,1.0835,middle,middle
F,1.306,middle,heaviest
F,1.46,middle,heaviest
F,1.4985,middle,heaviest
M,0.6485,middle,middle
I,0.452,middle,middle
I,0.4915,middle,middle
M,0.976,middle,middle
M,0.681,middle,middle
M,0.6145,middle,middle
F,1.1655,middle,heaviest
M,1.0375,middle,middle
M,1.124,middle,middle
F,1.2635,middle,heaviest
F,1.238,middle,heaviest
I,0.565,middle,middle
I,0.6055,middle,middle
M,0.7905,middle,middle
M,0.702,middle,middle
I,0.728,middle,middle
M,0.8875,middle,middle
F,0.898,middle,middle
I,0.6545,middle,middle
M,1.0535,middle,middle
F,0.927,middle,middle
I,0.701,middle,middle
M,0.9565,middle,middle
I,0.86,middle,middle
M,1.177,middle,heaviest
M,0.359,middle,lightest
M,0.8625,middle,middle
M,0.836,middle,middle
F,1.1685,middle,heaviest
F,1.059,middle,middle
M,0.3555,middle,lightest
F,0.8255,middle,middle
F,0.9525,middle,middle
M,0.515,middle,middle
F,0.9685,middle,middle
I,0.1785,middle,lightest
F,1.018,middle,middle
F,0.656,middle,middle
F,0.578,middle,middle
M,0.1385,middle,lightest
I,0.152,middle,lightest
F,0.9705,middle,middle
I,0.4075,middle,lightest
I,0.441,middle,lightest
I,0.591,middle,middle
F,1.438,middle,heaviest
M,1.4545,middle,heaviest
F,0.7545,middle,middle
M,0.98,middle,middle
M,1.142,middle,middle
M,1.12,middle,middle
F,1.382,middle,heaviest
M,0.998,middle,middle
M,1.025,middle,middle
M,1.2935,middle,heaviest
F,1.159,middle,heaviest
M,1.1955,middle,heaviest
F,1.36,middle,heaviest
I,0.5805,middle,middle
I,0.741,middle,middle
I,1.1815,middle,heaviest
M,1.0105,middle,middle
M,1.0765,middle,middle
M,1.2915,middle,heaviest
F,1.3105,middle,heaviest
M,1.4915,middle,heaviest
F,1.494,middle,heaviest
F,1.79,middle,heaviest
M,1.2825,middle,heaviest
F,1.6645,middle,heaviest
F,0.9645,middle,middle
M,1.2415,middle,heaviest
F,1.3185,middle,heaviest
M,1.3455,middle,heaviest
I,0.4725,middle,middle
I,0.709,middle,middle
F,0.914,middle,middle
F,1.0805,middle,middle
F,0.8025,middle,middle
M,0.577,middle,middle
M,1.176,middle,heaviest
M,0.516,middle,middle
M,0.406,middle,lightest
F,0.6845,middle,middle
F,0.4755,middle,middle
F,0.451,middle,middle
I,0.2255,middle,lightest
F,1.1615,middle,heaviest
M,0.9975,middle,middle
M,0.5415,middle,middle
F,0.4775,middle,middle
F,0.6965,middle,middle
F,0.5305,middle,middle
F,0.922,middle,middle
M,0.8645,middle,middle
F,1.262,middle,heaviest
F,0.5785,middle,middle
M,0.724,middle,middle
F,0.6675,middle,middle
M,0.402,middle,lightest
F,0.826,middle,middle
F,0.741,middle,middle
M,0.5175,middle,middle
F,0.549,middle,middle
M,0.515,middle,middle
F,1.3715,middle,heaviest
F,1.0565,middle,middle
M,0.722,middle,middle
F,1.0235,middle,middle
F,1.0165,middle,middle
F,1.383,middle,heaviest
F,0.8145,middle,middle
M,0.922,middle,middle
F,0.6345,middle,middle
M,0.8025,middle,middle
M,0.501,middle,middle
I,0.3265,middle,lightest
I,0.174,middle,lightest
M,0.8975,middle,middle
F,0.879,middle,middle
M,0.699,middle,middle
F,0.8105,middle,middle
F,0.472,middle,middle
M,0.9055,middle,middle
M,0.3675,middle,lightest
F,1.0735,middle,middle
F,1.077,middle,middle
M,0.791,middle,middle
M,0.663,middle,middle
M,0.8445,middle,middle
M,0.482,middle,middle
I,0.3215,middle,lightest
M,0.593,middle,middle
F,0.5615,middle,middle
F,0.7155,middle,middle
F,0.6935,middle,middle
I,0.2335,middle,lightest
I,0.2715,middle,lightest
F,0.3635,middle,lightest
I,0.2965,middle,lightest
F,0.646,middle,middle
F,0.7715,middle,middle
M,0.874,middle,middle
I,1.1095,middle,middle
F,0.5185,middle,middle
F,0.6725,middle,middle
I,0.4985,middle,middle
F,0.2705,middle,lightest
F,0.257,middle,lightest
I,0.6265,middle,middle
M,0.179,middle,lightest
I,0.9665,middle,middle
I,0.9175,middle,middle
F,0.982,middle,middle
I,0.6805,middle,middle
F,0.286,middle,lightest
I,0.458,middle,middle
M,0.228,middle,lightest
M,0.169,middle,lightest
F,0.322,middle,lightest
M,0.1835,middle,lightest
M,0.467,middle,middle
F,0.2305,middle,lightest
F,0.3675,middle,lightest
F,0.2245,middle,lightest
M,0.5725,middle,middle
M,0.6515,middle,middle
M,0.636,middle,middle
M,0.417,middle,lightest
F,0.207,middle,lightest
M,0.2765,middle,lightest
M,0.297,middle,lightest
M,0.6565,middle,middle
M,0.3795,middle,lightest
M,0.547,middle,middle
M,0.7605,middle,middle
M,0.8815,middle,middle
F,0.8935,middle,middle
F,0.556,middle,middle
M,0.495,middle,middle
M,0.349,middle,lightest
M,0.6615,middle,middle
F,0.4195,middle,lightest
F,0.9185,middle,middle
M,1.0145,middle,middle
F,0.875,middle,middle
M,1.0595,middle,middle
M,0.7535,middle,middle
F,1.11,middle,middle
F,1.21,middle,heaviest
F,1.382,middle,heaviest
F,1.3435,middle,heaviest
F,1.376,middle,heaviest
M,1.558,middle,heaviest
F,1.309,middle,heaviest
M,1.195,middle,heaviest
M,1.1935,middle,heaviest
M,1.012,middle,middle
M,1.168,middle,heaviest
F,1.3525,middle,heaviest
M,1.3325,middle,heaviest
F,1.1435,middle,middle
M,1.4065,middle,heaviest
M,1.4025,middle,heaviest
F,1.394,middle,heaviest
F,1.2205,middle,heaviest
F,1.2465,middle,heaviest
F,1.212,middle,heaviest
M,1.622,middle,heaviest
F,1.6525,middle,heaviest
M,1.6275,middle,heaviest
F,1.587,middle,heaviest
M,1.872,middle,heaviest
F,1.8385,middle,heaviest
M,1.9525,middle,heaviest
I,0.6665,middle,middle
M,0.8315,middle,middle
F,1.068,middle,middle
I,0.805,middle,middle
M,1.0165,middle,middle
M,1.1835,middle,heaviest
M,1.0565,middle,middle
M,1.2645,middle,heaviest
M,1.369,middle,heaviest
M,1.39,middle,heaviest
F,1.1345,middle,middle
F,1.415,middle,heaviest
M,1.519,middle,heaviest
M,1.74,middle,heaviest
M,1.6755,middle,heaviest
F,2.103,middle,heaviest
F,1.9965,middle,heaviest
M,2.0065,middle,heaviest
I,0.5825,middle,middle
I,0.81,middle,middle
F,0.8655,middle,middle
I,0.7285,middle,middle
I,0.7535,middle,middle
I,0.7395,middle,middle
F,1.224,middle,heaviest
I,0.751,middle,middle
M,0.873,middle,middle
I,0.7665,middle,middle
F,0.857,middle,middle
M,0.892,middle,middle
M,1.4395,middle,heaviest
M,0.7955,middle,middle
M,1.171,middle,heaviest
I,1.0505,middle,middle
M,1.1135,middle,middle
M,1.409,middle,heaviest
M,1.065,middle,middle
M,0.8855,middle,middle
F,0.98,middle,middle
M,1.1315,middle,middle
I,1.12,middle,middle
F,0.8895,middle,middle
M,0.9755,middle,middle
M,0.871,middle,middle
M,1.0265,middle,middle
M,1.137,middle,middle
M,1,middle,middle
F,1.004,middle,middle
M,1.128,middle,middle
M,1.054,middle,middle
M,1.129,middle,middle
F,1.115,middle,middle
M,1.2815,middle,heaviest
F,1.293,middle,heaviest
F,1.1295,middle,middle
I,1.0605,middle,middle
M,1.101,middle,middle
M,1.1935,middle,heaviest
M,0.986,middle,middle
M,1.3135,middle,heaviest
M,1.401,middle,heaviest
F,1.567,middle,heaviest
F,1.3595,middle,heaviest
F,1.4545,middle,heaviest
M,1.3585,middle,heaviest
F,1.548,middle,heaviest
F,1.337,middle,heaviest
F,1.491,middle,heaviest
F,1.0145,middle,middle
M,2.21,middle,heaviest
M,1.049,middle,middle
M,1.4105,middle,heaviest
F,1.1105,middle,middle
F,1.336,middle,heaviest
F,1.1345,middle,middle
F,1.546,middle,heaviest
F,1.5245,middle,heaviest
M,1.466,middle,heaviest
M,1.374,middle,heaviest
F,1.389,middle,heaviest
M,1.5265,middle,heaviest
M,1.519,middle,heaviest
M,1.675,middle,heaviest
M,1.8725,middle,heaviest
I,0.457,middle,middle
I,0.4745,middle,middle
I,0.6255,middle,middle
M,0.972,middle,middle
I,0.7205,middle,middle
M,0.7625,middle,middle
I,0.8225,middle,middle
M,0.849,middle,middle
M,0.831,middle,middle
I,0.833,middle,middle
I,0.7965,middle,middle
F,1.116,middle,middle
M,0.985,middle,middle
I,0.807,middle,middle
M,1.0335,middle,middle
M,0.798,middle,middle
F,0.913,middle,middle
M,1.207,middle,heaviest
I,1.022,middle,middle
M,0.838,middle,middle
M,0.959,middle,middle
F,1.0645,middle,middle
M,1.194,middle,heaviest
M,0.983,middle,middle
F,1.0725,middle,middle
F,1.1155,middle,middle
M,1.0175,middle,middle
I,0.924,middle,middle
M,1.0845,middle,middle
F,1.362,middle,heaviest
M,1.233,middle,heaviest
F,1.2435,middle,heaviest
F,1.2235,middle,heaviest
M,1.247,middle,heaviest
M,1.1605,middle,heaviest
M,1.226,middle,heaviest
M,1.3375,middle,heaviest
F,1.363,middle,heaviest
M,1.274,middle,heaviest
M,1.5505,middle,heaviest
F,1.566,middle,heaviest
F,1.382,middle,heaviest
M,1.4535,middle,heaviest
M,1.8565,middle,heaviest
F,1.5805,middle,heaviest
M,1.8275,middle,heaviest
I,0.7615,middle,middle
M,0.9605,middle,middle
F,1.358,middle,heaviest
F,1.205,middle,heaviest
M,1.3405,middle,heaviest
M,1.025,middle,middle
I,0.8145,middle,middle
F,1.48,middle,heaviest
M,0.953,middle,middle
M,1.15,middle,middle
F,1.1155,middle,middle
M,1.0865,middle,middle
F,1.1845,middle,heaviest
M,1.7395,middle,heaviest
M,1.4245,middle,heaviest
F,1.4465,middle,heaviest
F,1.679,middle,heaviest
F,0.7005,middle,middle
I,0.7125,middle,middle
I,0.6725,middle,middle
I,0.581,middle,middle
I,0.8145,middle,middle
I,0.7995,middle,middle
I,0.8715,middle,middle
M,0.992,middle,middle
M,0.876,middle,middle
I,0.8715,middle,middle
F,0.925,middle,middle
M,1.0465,middle,middle
I,0.7905,middle,middle
M,0.886,middle,middle
M,0.99,middle,middle
I,1.071,middle,middle
M,1.1155,middle,middle
F,1.1185,middle,middle
M,1.219,middle,heaviest
M,1.1565,middle,heaviest
M,1.229,middle,heaviest
F,1.1145,middle,middle
F,1.3115,middle,heaviest
I,1.1,middle,middle
I,1.238,middle,heaviest
F,1.375,middle,heaviest
F,1.348,middle,heaviest
F,1.4415,middle,heaviest
F,1.2475,middle,heaviest
M,1.534,middle,heaviest
M,1.3845,middle,heaviest
F,1.866,middle,heaviest
M,0.522,middle,middle
I,0.441,middle,lightest
M,0.4825,middle,middle
F,0.9205,middle,middle
F,0.8295,middle,middle
M,1.115,middle,middle
F,0.837,middle,middle
M,1.112,middle,middle
F,0.7655,middle,middle
F,1.1345,middle,middle
F,1.644,middle,heaviest
F,1.761,middle,heaviest
F,1.3165,middle,heaviest
F,1.6895,middle,heaviest
M,0.7455,middle,middle
F,0.3465,middle,lightest
I,0.25,middle,lightest
M,1.04,middle,middle
F,0.5765,middle,middle
F,0.6985,middle,middle
F,0.966,middle,middle
F,0.5065,middle,middle
M,0.4665,middle,middle
M,0.4415,middle,lightest
M,0.879,middle,middle
M,0.799,middle,middle
F,0.585,middle,middle
I,0.3625,middle,lightest
F,0.5725,middle,middle
M,0.5265,middle,middle
F,0.3105,middle,lightest
M,0.869,middle,middle
M,0.7575,middle,middle
F,0.6905,middle,middle
F,0.974,middle,middle
M,0.563,middle,middle
F,0.8045,middle,middle
F,0.6375,middle,middle
F,0.813,middle,middle
I,0.2875,middle,lightest
F,0.3605,middle,lightest
M,0.2065,middle,lightest
F,0.2165,middle,lightest
I,0.6505,middle,middle
M,0.241,middle,lightest
M,0.197,middle,lightest
M,0.1295,middle,lightest
F,1.017,middle,middle
F,0.5895,middle,middle
M,0.287,middle,lightest
F,0.4765,middle,middle
F,0.321,middle,lightest
F,0.6695,middle,middle
M,0.879,middle,middle
F,0.463,middle,middle
M,0.198,middle,lightest
F,0.7565,middle,middle
I,0.53,middle,middle
M,1.185,middle,heaviest
M,1.201,middle,heaviest
F,1.33,middle,heaviest
M,1.362,middle,heaviest
F,1.6015,middle,heaviest
F,2.0165,middle,heaviest
F,1.1575,middle,heaviest
F,1.327,middle,heaviest
F,1.2155,middle,heaviest
M,1.3555,middle,heaviest
F,1.8495,middle,heaviest
F,2.381,middle,heaviest
M,2.1945,middle,heaviest
M,1.9875,middle,heaviest
F,1.079,middle,middle
M,1.103,middle,middle
M,1.1015,middle,middle
M,1.085,middle,middle
M,1.3415,middle,heaviest
F,1.2895,middle,heaviest
M,1.4465,middle,heaviest
M,1.7585,middle,heaviest
I,0.5585,middle,middle
F,0.7055,middle,middle
M,0.7845,middle,middle
I,0.712,middle,middle
I,0.89,middle,middle
I,0.656,middle,middle
I,0.825,middle,middle
F,1.017,middle,middle
M,1.2255,middle,heaviest
I,0.8465,middle,middle
M,0.885,middle,middle
M,0.977,middle,middle
M,1.0305,middle,middle
M,1.3065,middle,heaviest
F,1.0265,middle,middle
F,1.0125,middle,middle
M,1.096,middle,middle
M,1.205,middle,heaviest
F,1.0005,middle,middle
M,1.3135,middle,heaviest
M,1.098,middle,middle
M,1.139,middle,middle
M,1.042,middle,middle
M,2.165,middle,heaviest
F,0.976,middle,middle
M,1.142,middle,middle
M,1.1255,middle,middle
F,1.1045,middle,middle
M,1.3405,middle,heaviest
M,1.2005,middle,heaviest
M,1.243,middle,heaviest
F,1.52,middle,heaviest
M,2.2355,middle,heaviest
M,0.8315,middle,middle
I,0.619,middle,middle
I,0.742,middle,middle
M,1.049,middle,middle
I,0.9745,middle,middle
M,1.2015,middle,heaviest
M,1.1295,middle,middle
F,1.056,middle,middle
M,1.34,middle,heaviest
I,0.9995,middle,middle
M,0.9335,middle,middle
F,1.198,middle,heaviest
M,1.3585,middle,heaviest
M,1.217,middle,heaviest
F,0.92,middle,middle
M,0.8765,middle,middle
F,1.2615,middle,heaviest
F,1.167,middle,heaviest
M,1.1795,middle,heaviest
F,1.5965,middle,heaviest
F,1.3805,middle,heaviest
M,1.482,middle,heaviest
M,1.533,middle,heaviest
F,1.224,middle,heaviest
M,1.406,middle,heaviest
F,1.148,middle,middle
M,1.463,middle,heaviest
F,1.2905,middle,heaviest
M,0.6855,middle,middle
I,0.6755,middle,middle
M,0.95,middle,middle
F,0.871,middle,middle
M,0.737,middle,middle
F,0.8785,middle,middle
M,1.31,middle,heaviest
F,1.5175,middle,heaviest
M,1.3575,middle,heaviest
M,1.545,middle,heaviest
M,0.491,middle,middle
M,0.474,middle,middle
M,0.9115,middle,middle
M,1.489,middle,heaviest
M,0.7775,middle,middle
F,0.714,middle,middle
F,0.8285,middle,middle
M,1.206,middle,heaviest
F,1.1655,middle,heaviest
F,1.2155,middle,heaviest
F,1.5105,middle,heaviest
M,0.488,middle,middle
M,0.6905,middle,middle
F,1.367,middle,heaviest
M,0.875,middle,middle
M,0.9125,middle,middle
M,1.307,middle,heaviest
F,0.6835,middle,middle
F,1.1345,middle,middle
M,0.388,middle,lightest
F,0.4135,middle,lightest
F,0.4335,middle,lightest
I,0.2595,middle,lightest
M,0.163,middle,lightest
F,0.6855,middle,middle
F,0.314,middle,lightest
I,0.468,middle,middle
F,0.4385,middle,lightest
I,0.407,middle,lightest
I,0.7585,middle,middle
M,0.163,middle,lightest
F,0.588,middle,middle
F,0.5325,middle,middle
M,1.1115,middle,middle
M,1.0105,middle,middle
M,0.879,middle,middle
F,1.148,middle,middle
M,1.3715,middle,heaviest
F,1.5055,middle,heaviest
F,1.2635,middle,heaviest
F,1.255,middle,heaviest
M,1.3635,middle,heaviest
M,1.478,middle,heaviest
F,2.0725,middle,heaviest
M,0.7465,middle,middle
M,0.929,middle,middle
M,1.214,middle,heaviest
F,1.233,middle,heaviest
M,1.0815,middle,middle
F,1.3345,middle,heaviest
M,1.6615,middle,heaviest
M,1.7405,middle,heaviest
I,0.8725,middle,middle
F,1.2365,middle,heaviest
M,1.186,middle,heaviest
I,0.9265,middle,middle
I,0.8295,middle,middle
F,0.7955,middle,middle
F,1.088,middle,middle
F,1.043,middle,middle
F,1.3335,middle,heaviest
M,1.3695,middle,heaviest
M,1.265,middle,heaviest
F,1.0425,middle,middle
M,1.14,middle,middle
M,1.27,middle,heaviest
M,1.583,middle,heaviest
F,1.42,middle,heaviest
M,1.5955,middle,heaviest
M,1.89,middle,heaviest
I,0.657,middle,middle
F,0.8735,middle,middle
I,0.8075,middle,middle
F,0.654,middle,middle
I,0.7915,middle,middle
F,0.9855,middle,middle
I,0.9365,middle,middle
F,0.964,middle,middle
F,1.0455,middle,middle
M,1.012,middle,middle
F,1.122,middle,middle
F,1.1345,middle,middle
M,1.0805,middle,middle
M,1.085,middle,middle
M,1.0855,middle,middle
M,1.2075,middle,heaviest
F,1.281,middle,heaviest
F,1.35,middle,heaviest
F,1.431,middle,heaviest
M,1.261,middle,heaviest
M,1.885,middle,heaviest
F,1.564,middle,heaviest
I,0.8415,middle,middle
F,1.764,middle,heaviest
M,1.1215,middle,middle
M,1.167,middle,heaviest
M,1.223,middle,heaviest
I,0.699,middle,middle
M,0.675,middle,middle
I,0.705,middle,middle
F,0.846,middle,middle
M,0.86,middle,middle
I,0.795,middle,middle
M,1.1785,middle,heaviest
M,1.2205,middle,heaviest
M,0.9685,middle,middle
M,1.2425,middle,heaviest
F,1.129,middle,middle
F,1.2075,middle,heaviest
M,1.4755,middle,heaviest
F,1.361,middle,heaviest
M,0.623,middle,middle
M,0.8815,middle,middle
M,1.03,middle,middle
F,1.541,middle,heaviest
F,0.754,middle,middle
M,0.8255,middle,middle
M,0.655,middle,middle
F,0.717,middle,middle
M,0.478,middle,middle
F,1.058,middle,middle
M,0.817,middle,middle
F,0.8765,middle,middle
F,0.458,middle,middle
I,0.216,middle,lightest
F,0.712,middle,middle
M,0.2225,middle,lightest
I,0.6955,middle,middle
I,2.0495,middle,heaviest
F,0.205,middle,lightest
F,1.016,middle,middle
M,2.173,middle,heaviest
F,2.1505,middle,heaviest
M,1.262,middle,heaviest
F,1.37,middle,heaviest
M,1.5945,middle,heaviest
M,2.003,middle,heaviest
M,0.5815,middle,middle
M,1.065,middle,middle
M,1.181,middle,heaviest
M,1.4415,middle,heaviest
F,1.658,middle,heaviest
I,0.5125,middle,middle
I,0.702,middle,middle
I,0.858,middle,middle
F,0.9575,middle,middle
F,0.873,middle,middle
M,1.0565,middle,middle
F,1.2255,middle,heaviest
F,1.2565,middle,heaviest
F,1.7715,middle,heaviest
M,0.911,middle,middle
M,0.8265,middle,middle
M,1.0145,middle,middle
F,1.1,middle,middle
I,0.984,middle,middle
M,1.9125,middle,heaviest
F,1.1,middle,middle
I,0.7935,middle,middle
I,0.7655,middle,middle
M,0.824,middle,middle
I,0.985,middle,middle
F,1.2355,middle,heaviest
F,1.2395,middle,heaviest
M,1.51,middle,heaviest
I,0.499,middle,middle
M,0.791,middle,middle
M,0.8395,middle,middle
M,0.966,middle,middle
F,1.0945,middle,middle
M,0.5415,oldest,middle
M,0.2455,oldest,lightest
F,0.9285,oldest,middle
F,0.9955,oldest,middle
M,0.8635,oldest,middle
F,0.883,oldest,middle
M,1.185,oldest,heaviest
F,0.788,oldest,middle
F,0.802,oldest,middle
F,0.6935,oldest,middle
F,0.5915,oldest,middle
F,0.6125,oldest,middle
M,0.797,oldest,middle
M,0.97,oldest,middle
F,1.199,oldest,heaviest
F,0.644,oldest,middle
F,0.5175,oldest,middle
F,0.485,oldest,middle
F,1.1015,oldest,middle
F,0.928,oldest,middle
M,0.8945,oldest,middle
F,0.639,oldest,middle
F,0.712,oldest,middle
M,0.549,oldest,middle
M,0.2845,oldest,lightest
M,1.3415,oldest,heaviest
M,0.887,oldest,middle
M,1.1775,oldest,heaviest
I,0.302,oldest,lightest
M,0.987,oldest,middle
M,0.915,oldest,middle
F,0.9935,oldest,middle
I,0.529,oldest,middle
M,0.662,oldest,middle
F,0.9245,oldest,middle
M,0.8375,oldest,middle
F,0.7085,oldest,middle
M,0.2665,oldest,lightest
F,0.627,oldest,middle
M,0.92,oldest,middle
M,0.8075,oldest,middle
F,1.2895,oldest,heaviest
F,1.0385,oldest,middle
M,0.889,oldest,middle
I,0.454,oldest,middle
I,0.5775,oldest,middle
F,0.415,oldest,lightest
M,0.1555,oldest,lightest
I,0.875,oldest,middle
F,0.452,oldest,middle
F,0.7335,oldest,middle
F,0.387,oldest,lightest
F,1.133,oldest,middle
I,0.8865,oldest,middle
F,1.233,oldest,heaviest
F,0.363,oldest,lightest
I,0.6655,oldest,middle
I,0.4885,oldest,middle
I,0.347,oldest,lightest
I,0.4885,oldest,middle
I,0.466,oldest,middle
F,0.9585,oldest,middle
I,0.781,oldest,middle
M,0.4835,oldest,middle
F,0.5945,oldest,middle
M,0.7305,oldest,middle
M,0.9555,oldest,middle
F,0.3865,oldest,lightest
M,0.203,oldest,lightest
M,0.2465,oldest,lightest
M,0.488,oldest,middle
M,0.8295,oldest,middle
M,0.978,oldest,middle
F,0.785,oldest,middle
F,0.9805,oldest,middle
M,0.732,oldest,middle
M,0.7155,oldest,middle
M,0.745,oldest,middle
F,0.3665,oldest,lightest
F,0.805,oldest,middle
M,1.3445,oldest,heaviest
M,1.29,oldest,heaviest
F,1.3725,oldest,heaviest
F,1.2085,oldest,heaviest
F,1.3825,oldest,heaviest
M,1.4715,oldest,heaviest
F,1.7775,oldest,heaviest
F,1.6675,oldest,heaviest
F,1.834,oldest,heaviest
M,0.7325,oldest,middle
M,1.136,oldest,middle
F,1.121,oldest,middle
F,1.114,oldest,middle
M,1.2315,oldest,heaviest
M,1.1625,oldest,heaviest
F,1.3315,oldest,heaviest
F,1.3075,oldest,heaviest
M,1.375,oldest,heaviest
F,1.5175,oldest,heaviest
M,1.636,oldest,heaviest
M,1.3385,oldest,heaviest
M,1.6785,oldest,heaviest
F,1.528,oldest,heaviest
M,1.6085,oldest,heaviest
M,2.198,oldest,heaviest
F,1.56,oldest,heaviest
F,2.555,oldest,heaviest
M,1.202,oldest,heaviest
M,1.31,oldest,heaviest
F,1.346,oldest,heaviest
F,1.652,oldest,heaviest
M,2.124,oldest,heaviest
M,1.931,oldest,heaviest
F,2.236,oldest,heaviest
F,2.505,oldest,heaviest
F,2.657,oldest,heaviest
I,0.346,oldest,lightest
I,0.7895,oldest,middle
I,0.8735,oldest,middle
M,0.744,oldest,middle
M,1.014,oldest,middle
F,1.04,oldest,middle
M,0.9595,oldest,middle
I,1.238,oldest,heaviest
I,0.9025,oldest,middle
F,1.15,oldest,middle
I,1.272,oldest,heaviest
M,1.1835,oldest,heaviest
M,1.5075,oldest,heaviest
F,1.16,oldest,heaviest
F,1.662,oldest,heaviest
M,1.5365,oldest,heaviest
F,1.5615,oldest,heaviest
F,1.7635,oldest,heaviest
M,2.141,oldest,heaviest
F,1.614,oldest,heaviest
F,1.737,oldest,heaviest
F,1.7375,oldest,heaviest
F,0.9515,oldest,middle
F,1.1005,oldest,middle
M,1.136,oldest,middle
M,1.271,oldest,heaviest
M,1.539,oldest,heaviest
F,1.318,oldest,heaviest
F,1.5555,oldest,heaviest
M,1.7835,oldest,heaviest
M,1.7025,oldest,heaviest
M,1.6115,oldest,heaviest
F,1.684,oldest,heaviest
M,1.858,oldest,heaviest
M,1.893,oldest,heaviest
I,0.8365,oldest,middle
I,0.9005,oldest,middle
I,0.9015,oldest,middle
F,1.434,oldest,heaviest
F,1.139,oldest,middle
I,1.066,oldest,middle
M,1.1165,oldest,middle
M,1.1745,oldest,heaviest
M,1.2695,oldest,heaviest
M,1.707,oldest,heaviest
M,1.274,oldest,heaviest
M,1.488,oldest,heaviest
F,1.4405,oldest,heaviest
M,1.443,oldest,heaviest
M,1.289,oldest,heaviest
F,1.2915,oldest,heaviest
M,1.39,oldest,heaviest
F,1.619,oldest,heaviest
F,1.6075,oldest,heaviest
M,1.3735,oldest,heaviest
F,1.638,oldest,heaviest
F,1.58,oldest,heaviest
M,2.009,oldest,heaviest
M,2.015,oldest,heaviest
F,1.9425,oldest,heaviest
M,1.747,oldest,heaviest
F,1.938,oldest,heaviest
M,1.3005,oldest,heaviest
F,1.1135,oldest,middle
M,1.169,oldest,heaviest
M,1.172,oldest,heaviest
M,1.6125,oldest,heaviest
F,1.3405,oldest,heaviest
M,1.726,oldest,heaviest
M,1.5865,oldest,heaviest
M,2.069,oldest,heaviest
I,0.368,oldest,lightest
I,0.599,oldest,middle
F,0.8305,oldest,middle
M,0.9355,oldest,middle
M,1.0005,oldest,middle
M,0.832,oldest,middle
M,1.013,oldest,middle
I,0.8245,oldest,middle
F,0.97,oldest,middle
M,1.1805,oldest,heaviest
F,1.133,oldest,middle
F,1.1785,oldest,heaviest
M,1.0285,oldest,middle
M,1.035,oldest,middle
F,1.062,oldest,middle
M,1.0485,oldest,middle
F,1.09,oldest,middle
F,1.354,oldest,heaviest
F,0.984,oldest,middle
F,1.2695,oldest,heaviest
F,1.3405,oldest,heaviest
F,1.2895,oldest,heaviest
M,1.1895,oldest,heaviest
F,1.4195,oldest,heaviest
M,1.32,oldest,heaviest
F,1.412,oldest,heaviest
M,1.218,oldest,heaviest
M,1.312,oldest,heaviest
F,1.473,oldest,heaviest
M,1.6915,oldest,heaviest
M,2.081,oldest,heaviest
F,1.6195,oldest,heaviest
F,1.8325,oldest,heaviest
M,0.8395,oldest,middle
I,0.668,oldest,middle
F,1.079,oldest,middle
M,1.7725,oldest,heaviest
M,1.914,oldest,heaviest
F,0.616,oldest,middle
M,0.651,oldest,middle
F,0.5395,oldest,middle
F,0.4585,oldest,middle
M,0.5205,oldest,middle
F,1.817,oldest,heaviest
M,0.927,oldest,middle
I,0.233,oldest,lightest
F,0.3785,oldest,lightest
I,0.2275,oldest,lightest
M,1.5455,oldest,heaviest
F,1.4285,oldest,heaviest
M,0.955,oldest,middle
F,0.94,oldest,middle
M,1.008,oldest,middle
M,0.515,oldest,middle
M,0.3045,oldest,lightest
M,0.86,oldest,middle
F,0.9,oldest,middle
M,0.764,oldest,middle
M,1.081,oldest,middle
F,0.7745,oldest,middle
I,0.7365,oldest,middle
F,0.4285,oldest,lightest
I,0.567,oldest,middle
M,0.4495,oldest,lightest
M,0.12,oldest,lightest
I,0.525,oldest,middle
F,1.087,oldest,middle
F,0.4565,oldest,middle
F,0.6915,oldest,middle
M,0.709,oldest,middle
M,1.1825,oldest,heaviest
F,1.235,oldest,heaviest
F,0.57,oldest,middle
M,0.8795,oldest,middle
M,1.145,oldest,middle
F,1.4995,oldest,heaviest
I,1.786,oldest,heaviest
F,1.0255,oldest,middle
F,1.4255,oldest,heaviest
F,1.596,oldest,heaviest
F,1.297,oldest,heaviest
M,1.3835,oldest,heaviest
M,1.3165,oldest,heaviest
M,1.269,oldest,heaviest
M,1.4775,oldest,heaviest
M,1.529,oldest,heaviest
F,1.7315,oldest,heaviest
M,1.88,oldest,heaviest
M,2.201,oldest,heaviest
M,0.5895,oldest,middle
I,0.6975,oldest,middle
I,0.72,oldest,middle
I,0.8215,oldest,middle
F,0.9865,oldest,middle
M,1.1145,oldest,middle
F,0.8725,oldest,middle
M,1.1955,oldest,heaviest
F,1.2265,oldest,heaviest
F,1.463,oldest,heaviest
M,1.601,oldest,heaviest
F,1.385,oldest,heaviest
F,1.309,oldest,heaviest
F,1.527,oldest,heaviest
M,1.6385,oldest,heaviest
M,1.691,oldest,heaviest
F,1.719,oldest,heaviest
M,2.3235,oldest,heaviest
I,0.8155,oldest,middle
M,0.9525,oldest,middle
F,0.7855,oldest,middle
M,1.0475,oldest,middle
I,1.0485,oldest,middle
M,1.0625,oldest,middle
I,1.1545,oldest,heaviest
F,1.194,oldest,heaviest
M,1.2075,oldest,heaviest
F,1.217,oldest,heaviest
F,1.3765,oldest,heaviest
M,1.292,oldest,heaviest
M,1.2075,oldest,heaviest
M,1.297,oldest,heaviest
M,1.4585,oldest,heaviest
F,1.197,oldest,heaviest
F,1.528,oldest,heaviest
M,1.2345,oldest,heaviest
M,1.825,oldest,heaviest
F,1.5245,oldest,heaviest
F,1.3695,oldest,heaviest
M,1.307,oldest,heaviest
F,1.4265,oldest,heaviest
M,1.6135,oldest,heaviest
I,0.6625,oldest,middle
I,0.6445,oldest,middle
I,0.783,oldest,middle
M,1.1275,oldest,middle
F,0.869,oldest,middle
F,1.089,oldest,middle
M,0.9615,oldest,middle
I,0.907,oldest,middle
F,1.1635,oldest,heaviest
M,1.1955,oldest,heaviest
F,1.251,oldest,heaviest
F,1.1335,oldest,middle
M,1.5595,oldest,heaviest
M,1.403,oldest,heaviest
F,1.2895,oldest,heaviest
M,1.3645,oldest,heaviest
F,1.494,oldest,heaviest
F,1.664,oldest,heaviest
F,1.5855,oldest,heaviest
F,1.666,oldest,heaviest
F,2.073,oldest,heaviest
M,0.5805,oldest,middle
F,0.728,oldest,middle
M,0.9385,oldest,middle
M,0.942,oldest,middle
M,1.461,oldest,heaviest
M,1.2865,oldest,heaviest
M,1.1735,oldest,heaviest
M,1.532,oldest,heaviest
M,0.764,oldest,middle
I,0.1835,oldest,lightest
F,0.513,oldest,middle
F,0.606,oldest,middle
I,0.61,oldest,middle
M,0.551,oldest,middle
M,0.9185,oldest,middle
F,0.8805,oldest,middle
M,0.478,oldest,middle
F,1.271,oldest,heaviest
M,0.6025,oldest,middle
M,0.96,oldest,middle
M,1.06,oldest,middle
F,0.6625,oldest,middle
M,0.3595,oldest,lightest
M,0.4365,oldest,lightest
M,0.81,oldest,middle
F,0.9715,oldest,middle
M,0.868,oldest,middle
F,0.597,oldest,middle
F,1.67,oldest,heaviest
M,0.314,oldest,lightest
I,0.4385,oldest,lightest
I,0.5425,oldest,middle
F,0.7005,oldest,middle
F,0.4435,oldest,lightest
M,0.3005,oldest,lightest
I,0.4075,oldest,lightest
M,0.171,oldest,lightest
I,0.3625,oldest,lightest
M,1.089,oldest,middle
F,1.172,oldest,heaviest
F,1.1115,oldest,middle
M,1.437,oldest,heaviest
F,1.6885,oldest,heaviest
M,1.787,oldest,heaviest
F,1.1345,oldest,middle
F,1.1635,oldest,heaviest
M,1.492,oldest,heaviest
F,1.5585,oldest,heaviest
F,1.7365,oldest,heaviest
F,1.6605,oldest,heaviest
M,1.348,oldest,heaviest
F,1.7185,oldest,heaviest
I,0.907,oldest,middle
F,1.059,oldest,middle
M,1.157,oldest,heaviest
M,1.1835,oldest,heaviest
I,1.0315,oldest,middle
M,1.463,oldest,heaviest
F,1.6275,oldest,heaviest
M,1.46,oldest,heaviest
M,1.6465,oldest,heaviest
M,1.56,oldest,heaviest
F,1.3475,oldest,heaviest
M,1.0735,oldest,middle
M,1.385,oldest,heaviest
I,0.6235,oldest,middle
F,1.034,oldest,middle
M,1.1245,oldest,middle
M,1.242,oldest,heaviest
M,1.3915,oldest,heaviest
I,0.966,oldest,middle
I,1.15,oldest,middle
I,1.217,oldest,heaviest
M,1.3655,oldest,heaviest
M,1.276,oldest,heaviest
M,1.3685,oldest,heaviest
F,1.764,oldest,heaviest
F,1.278,oldest,heaviest
M,1.217,oldest,heaviest
F,1.5575,oldest,heaviest
M,1.527,oldest,heaviest
M,1.432,oldest,heaviest
M,1.4385,oldest,heaviest
M,2.14,oldest,heaviest
F,1.792,oldest,heaviest
M,2.548,oldest,heaviest
F,1.4045,oldest,heaviest
I,0.612,oldest,middle
F,1.107,oldest,middle
M,1.2555,oldest,heaviest
F,1.227,oldest,heaviest
F,1.593,oldest,heaviest
F,1.4575,oldest,heaviest
M,1.1665,oldest,heaviest
M,1.7825,oldest,heaviest
M,1.543,oldest,heaviest
M,0.8105,oldest,middle
M,0.62,oldest,middle
M,0.416,oldest,lightest
F,0.731,oldest,middle
I,0.757,oldest,middle
I,1.0285,oldest,middle
I,0.8545,oldest,middle
F,0.541,oldest,middle
M,0.77,oldest,middle
M,0.6555,oldest,middle
F,0.6295,oldest,middle
F,1.807,oldest,heaviest
M,1.777,oldest,heaviest
M,1.21,oldest,heaviest
F,1.759,oldest,heaviest
F,1.8065,oldest,heaviest
F,1.0035,oldest,middle
M,1.4385,oldest,heaviest
F,1.473,oldest,heaviest
M,1.7475,oldest,heaviest
I,0.5995,oldest,middle
I,0.672,oldest,middle
I,0.811,oldest,middle
M,0.6655,oldest,middle
M,1.003,oldest,middle
M,1.403,oldest,heaviest
F,1.826,oldest,heaviest
F,1.336,oldest,heaviest
M,0.9355,oldest,middle
M,1.218,oldest,heaviest
M,1.337,oldest,heaviest
F,1.7015,oldest,heaviest
M,1.2435,oldest,heaviest
F,1.073,oldest,middle
F,1.1965,oldest,heaviest
M,1.672,oldest,heaviest
F,1.907,oldest,heaviest
F,1.7495,oldest,heaviest
M,0.7385,oldest,middle
I,0.83,oldest,middle
M,0.997,oldest,middle
F,1.13,oldest,middle
M,1.105,oldest,middle
M,1.229,oldest,heaviest
F,1.357,oldest,heaviest
M,1.669,oldest,heaviest
M,1.7405,oldest,heaviest
M,1.6645,oldest,heaviest
M,2.0505,oldest,heaviest
F,1.053,oldest,middle
F,0.9945,oldest,middle
F,0.887,oldest,middle
M,0.6645,oldest,middle
F,0.9395,oldest,middle
M,0.931,oldest,middle
F,0.915,oldest,middle
M,1.615,oldest,heaviest
F,1.295,oldest,heaviest
F,0.9775,oldest,middle
M,0.755,oldest,middle
M,1.1735,oldest,heaviest
F,0.727,oldest,middle
F,0.9885,oldest,middle
M,1.2445,oldest,heaviest
F,1.6185,oldest,heaviest
F,1.5675,oldest,heaviest
F,1.0525,oldest,middle
M,1.0225,oldest,middle
M,0.772,oldest,middle
F,0.63,oldest,middle
F,0.38,oldest,lightest
I,0.435,oldest,lightest
F,1.0605,oldest,middle
F,0.865,oldest,middle
F,1.3485,oldest,heaviest
F,1.2765,oldest,heaviest
M,0.6435,oldest,middle
M,0.5955,oldest,middle
M,1.274,oldest,heaviest
F,0.568,oldest,middle
M,0.9535,oldest,middle
F,0.997,oldest,middle
F,1.186,oldest,heaviest
M,1.13,oldest,middle
F,1.1085,oldest,middle
M,0.5565,oldest,middle
M,0.7385,oldest,middle
M,0.6765,oldest,middle
F,0.8425,oldest,middle
M,0.8565,oldest,middle
M,1.098,oldest,middle
F,0.9915,oldest,middle
F,1.3905,oldest,heaviest
M,1.0115,oldest,middle
F,1.248,oldest,heaviest
F,0.854,oldest,middle
M,0.8395,oldest,middle
F,0.9715,oldest,middle
I,0.4705,oldest,middle
F,0.795,oldest,middle
I,0.8,oldest,middle
F,1.1905,oldest,heaviest
I,0.581,oldest,middle
I,0.406,oldest,lightest
M,0.6995,oldest,middle
I,1.054,oldest,middle
I,0.5555,oldest,middle
M,0.1775,oldest,lightest
F,0.4085,oldest,lightest
F,0.433,oldest,lightest
F,0.6785,oldest,middle
F,0.658,oldest,middle
F,0.281,oldest,lightest
M,0.74,oldest,middle
M,0.2905,oldest,lightest
M,0.316,oldest,lightest
F,0.525,oldest,middle
M,0.669,oldest,middle
F,0.6435,oldest,middle
M,0.6415,oldest,middle
M,0.709,oldest,middle
F,0.8875,oldest,middle
M,0.9215,oldest,middle
M,1.0345,oldest,middle
F,0.807,oldest,middle
M,0.875,oldest,middle
M,1.102,oldest,middle
F,1.113,oldest,middle
F,1.377,oldest,heaviest
M,1.34,oldest,heaviest
F,1.8095,oldest,heaviest
F,1.8375,oldest,heaviest
M,1.607,oldest,heaviest
F,1.685,oldest,heaviest
M,2.302,oldest,heaviest
M,1.583,oldest,heaviest
M,2.273,oldest,heaviest
M,2.0045,oldest,heaviest
M,1.978,oldest,heaviest
F,1.8795,oldest,heaviest
F,1.026,oldest,middle
F,1.0835,oldest,middle
M,1.244,oldest,heaviest
F,1.023,oldest,middle
M,1.2555,oldest,heaviest
F,1.2035,oldest,heaviest
M,1.062,oldest,middle
M,1.093,oldest,middle
F,1.556,oldest,heaviest
F,1.5345,oldest,heaviest
M,2.173,oldest,heaviest
F,2.1275,oldest,heaviest
F,1.741,oldest,heaviest
M,1.7825,oldest,heaviest
M,2.1055,oldest,heaviest
I,0.816,oldest,middle
I,0.7405,oldest,middle
F,1.2405,oldest,heaviest
I,1.154,oldest,heaviest
F,1.3255,oldest,heaviest
F,1.2215,oldest,heaviest
M,1.266,oldest,heaviest
I,1.1955,oldest,heaviest
M,1.4345,oldest,heaviest
M,1.286,oldest,heaviest
F,1.371,oldest,heaviest
F,1.3485,oldest,heaviest
F,1.5175,oldest,heaviest
M,1.3725,oldest,heaviest
M,1.2585,oldest,heaviest
F,1.569,oldest,heaviest
F,1.9805,oldest,heaviest
F,2.119,oldest,heaviest
M,2.2205,oldest,heaviest
M,2.5155,oldest,heaviest
M,2.7795,oldest,heaviest
F,1.255,oldest,heaviest
M,1.0295,oldest,middle
M,1.195,oldest,heaviest
M,1.273,oldest,heaviest
F,1.6195,oldest,heaviest
M,1.2695,oldest,heaviest
M,1.429,oldest,heaviest
F,1.4015,oldest,heaviest
M,1.623,oldest,heaviest
M,1.4405,oldest,heaviest
F,1.6705,oldest,heaviest
M,0.5915,oldest,middle
M,0.982,oldest,middle
F,1.2525,oldest,heaviest
F,2.1,oldest,heaviest
M,1.1505,oldest,heaviest
M,0.8915,oldest,middle
M,0.7145,oldest,middle
M,0.4935,oldest,middle
M,1.2715,oldest,heaviest
F,1.3905,oldest,heaviest
M,0.925,oldest,middle
M,0.547,oldest,middle
F,0.692,oldest,middle
M,0.388,oldest,lightest
F,0.998,oldest,middle
M,0.6185,oldest,middle
M,0.8615,oldest,middle
M,0.702,oldest,middle
F,1.1445,oldest,middle
F,0.6185,oldest,middle
M,0.7365,oldest,middle
F,0.631,oldest,middle
M,0.7895,oldest,middle
F,1.065,oldest,middle
I,0.9445,oldest,middle
F,0.3575,oldest,lightest
F,0.5965,oldest,middle
I,0.383,oldest,lightest
I,0.6315,oldest,middle
I,0.3285,oldest,lightest
F,0.496,oldest,middle
F,0.6985,oldest,middle
I,1.411,oldest,heaviest
F,0.651,oldest,middle
F,0.4805,oldest,middle
M,0.5835,oldest,middle
F,1.161,oldest,heaviest
M,0.8565,oldest,middle
M,0.567,oldest,middle
M,0.8415,oldest,middle
F,0.6905,oldest,middle
M,1.647,oldest,heaviest
F,1.6225,oldest,heaviest
M,1.5105,oldest,heaviest
M,1.742,oldest,heaviest
M,2.398,oldest,heaviest
F,2.012,oldest,heaviest
M,1.221,oldest,heaviest
M,1.1355,oldest,middle
M,1.446,oldest,heaviest
F,1.286,oldest,heaviest
F,1.613,oldest,heaviest
F,1.2735,oldest,heaviest
F,1.151,oldest,heaviest
M,1.539,oldest,heaviest
F,1.6645,oldest,heaviest
F,1.494,oldest,heaviest
F,1.527,oldest,heaviest
F,1.3435,oldest,heaviest
M,2.087,oldest,heaviest
M,1.884,oldest,heaviest
F,2.2635,oldest,heaviest
M,0.991,oldest,middle
M,0.8665,oldest,middle
M,1.3165,oldest,heaviest
F,1.8745,oldest,heaviest
F,0.539,oldest,middle
F,1.017,oldest,middle
M,1.0055,oldest,middle
F,1.2765,oldest,heaviest
M,0.3745,oldest,lightest
F,1.2955,oldest,heaviest
M,0.6175,oldest,middle
F,0.8745,oldest,middle
F,1.3105,oldest,heaviest
F,1.1705,oldest,heaviest
F,1.107,oldest,middle
M,0.415,oldest,lightest
M,0.4775,oldest,middle
M,0.6445,oldest,middle
M,0.7085,oldest,middle
F,0.6175,oldest,middle
F,0.9285,oldest,middle
F,0.507,oldest,middle
F,0.3375,oldest,lightest
I,0.2565,oldest,lightest
I,0.8095,oldest,middle
I,0.45,oldest,middle
F,0.382,oldest,lightest
F,0.8575,oldest,middle
F,0.59,oldest,middle
F,0.59,oldest,middle
M,0.44,oldest,lightest
F,0.559,oldest,middle
F,1.234,oldest,heaviest
M,1.164,oldest,heaviest
F,1.492,oldest,heaviest
M,1.3745,oldest,heaviest
F,1.3765,oldest,heaviest
M,1.6,oldest,heaviest
M,2.333,oldest,heaviest
F,1.12,oldest,middle
F,1.081,oldest,middle
M,1.4865,oldest,heaviest
M,1.155,oldest,heaviest
F,1.37,oldest,heaviest
F,1.7525,oldest,heaviest
I,1.1305,oldest,middle
M,1.09,oldest,middle
M,1.5545,oldest,heaviest
M,2.381,oldest,heaviest
F,1.137,oldest,middle
F,1.47,oldest,heaviest
M,0.785,oldest,middle
F,0.9765,oldest,middle
F,0.447,oldest,lightest
F,0.708,oldest,middle
F,0.9315,oldest,middle
M,1.221,oldest,heaviest
F,0.97,oldest,middle
M,0.6295,oldest,middle
F,0.813,oldest,middle
M,0.266,oldest,lightest
I,0.6675,oldest,middle
F,0.772,oldest,middle
F,0.686,oldest,middle
M,2.2385,oldest,heaviest
M,1.133,oldest,middle
F,0.9585,oldest,middle
M,1.3705,oldest,heaviest
F,1.477,oldest,heaviest
M,1.9485,oldest,heaviest
F,1.7095,oldest,heaviest
F,1.285,oldest,heaviest
M,0.7665,oldest,middle
F,1.098,oldest,middle
M,1.195,oldest,heaviest
M,1.115,oldest,middle
F,0.994,oldest,middle
F,0.9075,oldest,middle
F,1.124,oldest,middle
M,1.056,oldest,middle
F,1.222,oldest,heaviest
M,1.218,oldest,heaviest
M,1.1595,oldest,heaviest
M,0.825,oldest,middle
F,0.8155,oldest,middle
F,0.8325,oldest,middle
M,0.836,oldest,middle
I,0.1585,oldest,lightest
M,1.1235,oldest,middle
F,1.1015,oldest,middle
F,0.4995,oldest,middle
M,1.259,oldest,heaviest
F,0.892,oldest,middle
M,1.5415,oldest,heaviest
M,1.325,oldest,heaviest
M,0.707,oldest,middle
M,1.587,oldest,heaviest
M,1.343,oldest,heaviest
M,0.625,oldest,middle
F,0.5785,oldest,middle
M,1.068,oldest,middle
I,0.366,oldest,lightest
M,0.6885,oldest,middle
M,0.9815,oldest,middle
M,1.388,oldest,heaviest
F,0.908,oldest,middle
M,0.921,oldest,middle
F,1.129,oldest,middle
F,0.458,oldest,middle
I,0.9885,oldest,middle
I,0.514,oldest,middle
F,1.326,oldest,heaviest
I,0.66,oldest,middle
I,0.659,oldest,middle
I,0.4935,oldest,middle
F,0.8285,oldest,middle
F,0.3095,oldest,lightest
I,0.745,oldest,middle
I,0.8525,oldest,middle
I,0.939,oldest,middle
F,0.265,oldest,lightest
I,0.425,oldest,lightest
M,0.3865,oldest,lightest
F,0.5735,oldest,middle
I,1.1785,oldest,heaviest
M,0.9175,oldest,middle
F,0.5425,oldest,middle
F,0.8045,oldest,middle
F,0.444,oldest,lightest
M,1.0575,oldest,middle
M,0.77,oldest,middle
M,0.879,oldest,middle
M,0.656,oldest,middle
F,0.612,oldest,middle
F,1.122,oldest,middle
F,1.1365,oldest,middle
M,1.5275,oldest,heaviest
M,1.116,oldest,middle
F,1.1325,oldest,middle
M,0.6385,oldest,middle
M,0.93,oldest,middle
I,0.711,oldest,middle
M,1.6445,oldest,heaviest
M,1.7375,oldest,heaviest
F,1.9335,oldest,heaviest
M,2.21,oldest,heaviest
M,0.9615,oldest,middle
M,1.221,oldest,heaviest
I,1.489,oldest,heaviest
F,1.32,oldest,heaviest
M,1.2835,oldest,heaviest
M,2.125,oldest,heaviest
F,1.5395,oldest,heaviest
M,0.88,oldest,middle
F,1.189,oldest,heaviest
M,1.5715,oldest,heaviest
F,1.773,oldest,heaviest
M,1.6245,oldest,heaviest
M,2.173,oldest,heaviest
M,1.2105,oldest,heaviest
F,1.1845,oldest,heaviest
M,0.9295,oldest,middle
I,0.3675,oldest,lightest
F,1.4005,oldest,heaviest
F,1.366,oldest,heaviest
F,0.764,oldest,middle
F,0.5885,oldest,middle
F,1.352,oldest,heaviest
M,0.857,oldest,middle
M,0.7575,oldest,middle
M,1.229,oldest,heaviest
M,1.2675,oldest,heaviest
M,0.7485,oldest,middle
F,1.1005,oldest,middle
F,1.456,oldest,heaviest
F,2.226,oldest,heaviest
F,0.8525,oldest,middle
F,1.406,oldest,heaviest
F,0.8075,oldest,middle
M,0.5795,oldest,middle
F,0.384,oldest,lightest
M,0.8915,oldest,middle
M,0.769,oldest,middle
M,0.592,oldest,middle
M,1.5515,oldest,heaviest
F,0.8025,oldest,middle
M,0.9025,oldest,middle
M,1.1415,oldest,middle
F,1.449,oldest,heaviest
I,0.437,oldest,lightest
M,0.2145,oldest,lightest
I,0.9315,oldest,middle
M,0.5255,oldest,middle
F,0.768,oldest,middle
M,0.8245,oldest,middle
M,1.008,oldest,middle
F,0.7,oldest,middle
F,0.6635,oldest,middle
F,1.925,oldest,heaviest
F,1.689,oldest,heaviest
F,1.933,oldest,heaviest
F,1.7975,oldest,heaviest
M,1.68,oldest,heaviest
F,1.551,oldest,heaviest
M,1.523,oldest,heaviest
M,1.74,oldest,heaviest
F,1.0915,oldest,middle
F,1.277,oldest,heaviest
M,1.8445,oldest,heaviest
M,2.0885,oldest,heaviest
M,1.2705,oldest,heaviest
M,1.7885,oldest,heaviest
M,1.145,oldest,middle
M,1.724,oldest,heaviest
M,0.8465,oldest,middle
F,1.2785,oldest,heaviest
F,1.151,oldest,heaviest
M,0.792,oldest,middle
F,1.707,oldest,heaviest
M,1.3315,oldest,heaviest
F,0.868,oldest,middle
F,0.56,oldest,middle
M,0.696,oldest,middle
F,1.2315,oldest,heaviest
F,1.6365,oldest,heaviest
M,0.906,oldest,middle
F,0.8775,oldest,middle
F,0.8595,oldest,middle
F,0.501,oldest,middle
F,1.0385,oldest,middle
F,1.522,oldest,heaviest
M,1.156,oldest,heaviest
F,1.146,oldest,middle
F,1.166,oldest,heaviest
I,0.967,oldest,middle
I,0.4895,oldest,middle
F,0.385,oldest,lightest
I,0.515,oldest,middle
I,0.683,oldest,middle
F,0.584,oldest,middle
I,1.097,oldest,middle
F,0.487,oldest,middle
M,0.955,oldest,middle
M,1.65,oldest,heaviest
M,0.9745,oldest,middle
M,1.0765,oldest,middle
F,1.2225,oldest,heaviest
M,0.5795,oldest,middle
M,1.9045,oldest,heaviest
M,2.4925,oldest,heaviest
F,2.037,oldest,heaviest
M,1.273,oldest,heaviest
M,1.4275,oldest,heaviest
F,1.8185,oldest,heaviest
F,0.9845,oldest,middle
F,1.472,oldest,heaviest
M,1.8995,oldest,heaviest
F,0.8085,oldest,middle
F,1.053,oldest,middle
I,0.6275,oldest,middle
M,0.4745,oldest,middle
I,1.066,oldest,middle
F,0.541,oldest,middle
M,0.739,oldest,middle
M,0.8005,oldest,middle
F,0.7155,oldest,middle
F,0.717,oldest,middle
F,0.6355,oldest,middle
F,1.234,oldest,heaviest
M,1.7855,oldest,heaviest
M,1.4135,oldest,heaviest
M,1.402,oldest,heaviest
F,1.359,oldest,heaviest
F,0.6065,oldest,middle
F,0.8515,oldest,middle
F,1.1025,oldest,middle
M,1.013,oldest,middle
M,1.606,oldest,heaviest
F,0.766,oldest,middle
M,2.55,oldest,heaviest
M,1.981,oldest,heaviest
M,1.9565,oldest,heaviest
M,0.9395,oldest,middle
M,0.927,oldest,middle
F,0.66,oldest,middle
M,0.9025,oldest,middle
M,0.895,oldest,middle
M,1.219,oldest,heaviest
M,0.6295,oldest,middle
M,0.9565,oldest,middle
M,0.7605,oldest,middle
M,0.971,oldest,middle
F,1.242,oldest,heaviest
M,1.0875,oldest,middle
M,1.165,oldest,heaviest
F,1.3475,oldest,heaviest
M,1.2,oldest,heaviest
F,1.31,oldest,heaviest
M,0.609,oldest,middle
M,0.945,oldest,middle
F,1.2385,oldest,heaviest
F,1.5015,oldest,heaviest
I,0.252,oldest,lightest
F,1.2915,oldest,heaviest
F,1.0595,oldest,middle
M,1.073,oldest,middle
F,0.733,oldest,middle
I,0.795,oldest,middle
F,0.5465,oldest,middle
I,0.443,oldest,lightest
I,0.806,oldest,middle
M,0.4625,oldest,middle
I,0.487,oldest,middle
M,0.6175,oldest,middle
F,0.536,oldest,middle
M,0.862,oldest,middle
M,0.835,oldest,middle
F,0.7365,oldest,middle
M,0.8055,oldest,middle
M,1.613,oldest,heaviest
F,1.153,oldest,heaviest
M,1.26,oldest,heaviest
F,1.7025,oldest,heaviest
F,2.5085,oldest,heaviest
F,2.255,oldest,heaviest
M,1.5595,oldest,heaviest
M,1.6375,oldest,heaviest
F,2.1425,oldest,heaviest
F,1.3485,oldest,heaviest
M,1.041,oldest,middle
M,1.496,oldest,heaviest
M,0.8085,oldest,middle
F,1.071,oldest,middle
F,1.283,oldest,heaviest
M,0.6335,oldest,middle
F,1.0405,oldest,middle
M,0.853,oldest,middle
F,0.958,oldest,middle
F,0.903,oldest,middle
F,1.1,oldest,middle
M,1.793,oldest,heaviest
I,0.893,oldest,middle
F,1.2125,oldest,heaviest
F,0.8705,oldest,middle
F,1.0935,oldest,middle
F,0.925,oldest,middle
M,0.5545,oldest,middle
F,0.6195,oldest,middle
I,1.2395,oldest,heaviest
I,1.0385,oldest,middle
I,0.972,oldest,middle
I,0.762,oldest,middle
I,0.782,oldest,middle
F,0.579,oldest,middle
F,0.884,oldest,middle
M,0.5905,oldest,middle
M,1.6115,oldest,heaviest
F,1.2985,oldest,heaviest
M,1.3,oldest,heaviest
F,0.742,oldest,middle
F,0.8975,oldest,middle
M,0.6105,oldest,middle
M,0.7615,oldest,middle
F,2.0475,oldest,heaviest
M,2.2305,oldest,heaviest
F,1.908,oldest,heaviest
M,1.047,oldest,middle
F,0.872,oldest,middle
F,0.72,oldest,middle
I,0.384,oldest,lightest
F,1.0835,oldest,middle
F,1.0915,oldest,middle
F,1.2355,oldest,heaviest
M,1.383,oldest,heaviest
M,1.477,oldest,heaviest
M,1.4995,oldest,heaviest
F,1.092,oldest,middle
F,1.2515,oldest,heaviest
M,0.528,oldest,middle
F,1.1255,oldest,middle
F,1.22,oldest,heaviest
M,0.7485,oldest,middle
F,1.0735,oldest,middle
M,0.34,oldest,lightest
I,0.51,oldest,middle
M,0.721,oldest,middle
M,1.304,oldest,heaviest
F,1.3025,oldest,heaviest
F,1.5785,oldest,heaviest
M,0.6335,oldest,middle
F,0.4485,oldest,lightest
M,0.91,oldest,middle
F,1.604,oldest,heaviest
F,1.082,oldest,middle
F,1.423,oldest,heaviest
M,1.829,oldest,heaviest
I,0.728,oldest,middle
M,0.8695,oldest,middle
M,1.0985,oldest,middle
M,0.514,oldest,middle
M,0.9365,oldest,middle
F,1.639,oldest,heaviest
F,1.0075,oldest,middle
M,0.8115,oldest,middle
M,1.494,oldest,heaviest
M,0.843,oldest,middle
M,0.883,oldest,middle
M,1.053,oldest,middle
M,0.922,oldest,middle
F,0.783,oldest,middle
F,1.094,oldest,middle
M,1.2415,oldest,heaviest
M,1.011,oldest,middle
F,1.415,oldest,heaviest
M,1.525,oldest,heaviest
F,0.8415,oldest,middle
M,1.116,oldest,middle
F,1.0035,oldest,middle
M,0.995,oldest,middle
M,1.1405,oldest,middle
M,1.1045,oldest,middle
F,1.0325,oldest,middle
F,1.221,oldest,heaviest
M,0.849,oldest,middle
F,1.2415,oldest,heaviest
M,1.2635,oldest,heaviest
F,0.953,oldest,middle
F,1.115,oldest,middle
M,1.105,oldest,middle
M,1.055,oldest,middle
F,0.604,oldest,middle
M,0.2885,oldest,lightest
I,0.525,oldest,middle
I,0.498,oldest,middle
F,0.605,oldest,middle
M,0.909,oldest,middle
M,1.092,oldest,middle
M,0.99,oldest,middle
F,0.6515,oldest,middle
M,0.823,oldest,middle
M,1.5165,oldest,heaviest
F,1.437,oldest,heaviest
M,1.0615,oldest,middle
M,1.2565,oldest,heaviest
M,0.6775,oldest,middle
M,0.5755,oldest,middle
F,0.537,oldest,middle
M,1.042,oldest,middle
M,0.695,oldest,middle
F,0.759,oldest,middle
M,1.3905,oldest,heaviest
M,1.521,oldest,heaviest
F,1.773,oldest,heaviest
M,1.5145,oldest,heaviest
F,1.6885,oldest,heaviest
F,0.975,oldest,middle
M,1.4935,oldest,heaviest
F,1.106,oldest,middle
F,1.0675,oldest,middle
M,1.598,oldest,heaviest
M,2.033,oldest,heaviest
F,0.6515,oldest,middle
F,0.7995,oldest,middle
I,0.5825,oldest,middle
M,0.906,oldest,middle
F,1.031,oldest,middle
M,1.2425,oldest,heaviest
I,0.8435,oldest,middle
I,1.25,oldest,heaviest
I,1.208,oldest,heaviest
I,0.595,oldest,middle
M,0.592,oldest,middle
F,0.6245,oldest,middle
M,0.7775,oldest,middle
M,1.791,oldest,heaviest
M,1.676,oldest,heaviest
M,1.194,oldest,heaviest
M,1.153,oldest,heaviest
M,1.114,oldest,middle
F,0.657,oldest,middle
F,1.3955,oldest,heaviest
I,0.523,oldest,middle
F,1.5715,oldest,heaviest
M,0.858,oldest,middle
M,1.467,oldest,heaviest
F,1.213,oldest,heaviest
F,0.5555,oldest,middle
F,1.0185,oldest,middle
M,0.72,oldest,middle
F,1.555,oldest,heaviest
F,0.5885,oldest,middle
I,1.6935,oldest,heaviest
F,0.829,oldest,middle
M,0.6605,oldest,middle
F,0.6355,oldest,middle
M,0.744,oldest,middle
F,1.626,oldest,heaviest
F,1.1775,oldest,heaviest
F,1.5415,oldest,heaviest
M,0.476,oldest,middle
I,0.6765,oldest,middle
F,1.0905,oldest,middle
F,0.768,oldest,middle
F,1.217,oldest,heaviest
F,0.9885,oldest,middle
M,1.3445,oldest,heaviest
M,1.514,oldest,heaviest
F,1.752,oldest,heaviest
M,1.3035,oldest,heaviest
M,1.187,oldest,heaviest
F,1.974,oldest,heaviest
M,1.283,oldest,heaviest
M,1.275,oldest,heaviest
F,1.768,oldest,heaviest
F,1.029,oldest,middle
F,1.566,oldest,heaviest
F,1.7605,oldest,heaviest
M,0.911,oldest,middle
F,1.005,oldest,middle
M,0.9265,oldest,middle
M,1.891,oldest,heaviest
F,1.41,oldest,heaviest
M,1.32,oldest,heaviest
I,0.8735,oldest,middle
I,0.474,oldest,middle
F,0.981,oldest,middle
F,1.14,oldest,middle
M,0.8345,oldest,middle
F,0.927,oldest,middle
F,0.3515,oldest,lightest
F,0.946,oldest,middle
F,1.5535,oldest,heaviest
F,0.9995,oldest,middle
M,1.2275,oldest,heaviest
M,0.9195,oldest,middle
F,1.5765,oldest,heaviest
F,0.6,oldest,middle
M,0.991,oldest,middle
M,0.8645,oldest,middle
F,1.969,oldest,heaviest
F,0.6005,oldest,middle
F,0.4485,oldest,lightest
I,0.435,oldest,lightest
F,1.523,oldest,heaviest
I,1.319,oldest,heaviest
F,0.796,oldest,middle
M,0.8185,oldest,middle
M,2.2695,oldest,heaviest
M,1.4985,oldest,heaviest
M,1.402,oldest,heaviest
M,1.3765,oldest,heaviest
M,1.145,oldest,middle
F,1.1055,oldest,middle
F,0.8085,oldest,middle
I,1.057,oldest,middle
M,0.451,oldest,middle
F,0.7765,oldest,middle
I,1.3655,oldest,heaviest
F,1.71,oldest,heaviest
I,0.522,oldest,middle
M,1.1285,oldest,middle
M,0.955,oldest,middle
M,1.373,oldest,heaviest
M,0.8615,oldest,middle
M,0.7365,oldest,middle
M,1.064,oldest,middle
M,0.853,oldest,middle
F,1.498,oldest,heaviest
M,0.6175,oldest,middle
M,1.262,oldest,heaviest
M,0.9425,oldest,middle
F,0.6445,oldest,middle
M,0.996,oldest,middle
M,2.499,oldest,heaviest
F,1.719,oldest,heaviest
F,1.4385,oldest,heaviest
F,1.7445,oldest,heaviest
M,0.7395,oldest,middle
M,1.347,oldest,heaviest
M,0.9325,oldest,middle
M,1.369,oldest,heaviest
F,1.1745,oldest,heaviest
I,1.1625,oldest,heaviest
F,0.9535,oldest,middle
F,1.3675,oldest,heaviest
I,0.926,oldest,middle
F,0.498,oldest,middle
F,0.97,oldest,middle
F,0.655,oldest,middle
F,0.5005,oldest,middle
F,0.8175,oldest,middle
F,1.001,oldest,middle
F,1.676,oldest,heaviest
F,0.959,oldest,middle
F,0.949,oldest,middle
M,2.0805,oldest,heaviest
M,2.8255,oldest,heaviest
M,2.032,oldest,heaviest
M,1.806,oldest,heaviest
F,2.1995,oldest,heaviest
M,1.142,oldest,middle
M,1.539,oldest,heaviest
M,1.035,oldest,middle
M,1.0965,oldest,middle
M,1.171,oldest,heaviest
F,0.9215,oldest,middle
M,0.805,oldest,middle
F,1.496,oldest,heaviest
M,1.62,oldest,heaviest
M,1.407,oldest,heaviest
F,1.7265,oldest,heaviest
F,1.7265,oldest,heaviest
M,1.027,oldest,middle
I,1.3315,oldest,heaviest
F,0.775,oldest,middle
M,0.8505,oldest,middle
F,1.511,oldest,heaviest
F,1.3035,oldest,heaviest
M,0.9085,oldest,middle
M,0.7735,oldest,middle
M,1.229,oldest,heaviest
F,0.6345,oldest,middle
I,0.97,oldest,middle
I,1.0885,oldest,middle
I,1.278,oldest,heaviest
F,1.1765,oldest,heaviest
I,0.8605,oldest,middle
M,1.338,oldest,heaviest
M,1.959,oldest,heaviest
F,2.141,oldest,heaviest
M,1.642,oldest,heaviest
F,0.8365,oldest,middle
F,1.8085,oldest,heaviest
M,1.227,oldest,heaviest
F,1.0915,oldest,middle
F,1.0475,oldest,middle
F,0.9555,oldest,middle
M,0.9065,oldest,middle
F,0.8205,oldest,middle
I,0.874,oldest,middle
I,0.4775,oldest,middle
I,0.673,oldest,middle
I,1.3165,oldest,heaviest
I,1.626,oldest,heaviest
M,0.8665,oldest,middle
F,1.966,oldest,heaviest
M,1.36,oldest,heaviest
M,1.6305,oldest,heaviest
F,1.162,oldest,heaviest
F,0.957,oldest,middle
M,1.3185,oldest,heaviest
F,1.3665,oldest,heaviest
M,1.0295,oldest,middle
M,0.3525,oldest,lightest
F,0.494,oldest,middle
F,1.312,oldest,heaviest
M,1.489,oldest,heaviest
F,1.571,oldest,heaviest
F,0.98,oldest,middle
M,0.973,oldest,middle
M,1.156,oldest,heaviest
M,1.4435,oldest,heaviest
F,0.6735,oldest,middle
F,1.428,oldest,heaviest
M,0.873,oldest,middle
M,1.616,oldest,heaviest
M,0.6815,oldest,middle
F,1.4155,oldest,heaviest
F,1.3065,oldest,heaviest
F,0.8945,oldest,middle
F,1.798,oldest,heaviest
M,1.7255,oldest,heaviest
M,1.07,oldest,middle
F,1.013,oldest,middle
M,1.3305,oldest,heaviest
M,1.016,oldest,middle
F,1.787,oldest,heaviest
M,1.015,oldest,middle
F,0.85,oldest,middle
F,0.9955,oldest,middle
F,1.0105,oldest,middle
F,1.4635,oldest,heaviest
F,1.514,oldest,heaviest
F,0.9,oldest,middle
I,0.412,oldest,lightest
F,0.8115,oldest,middle
M,0.66,oldest,middle
M,1.8465,oldest,heaviest
M,0.9245,oldest,middle
F,1.1805,oldest,heaviest
M,0.9455,oldest,middle
M,1.885,oldest,heaviest
M,0.989,oldest,middle
F,1.8165,oldest,heaviest
F,1.4685,oldest,heaviest
F,1.073,oldest,middle
M,0.9715,oldest,middle
M,0.9955,oldest,middle
M,1.4605,oldest,heaviest
M,0.782,oldest,middle
I,0.7325,oldest,middle
F,0.7775,oldest,middle
F,1.247,oldest,heaviest
F,2.124,oldest,heaviest
F,1.842,oldest,heaviest
M,1.484,oldest,heaviest
M,2.13,oldest,heaviest
F,1.4225,oldest,heaviest
F,1.7345,oldest,heaviest
F,1.3135,oldest,heaviest
M,1.352,oldest,heaviest
M,1.036,oldest,middle
I,0.752,oldest,middle
F,1.066,oldest,middle
M,0.8425,oldest,middle
M,1.4805,oldest,heaviest
M,1.1375,oldest,middle
F,1.098,oldest,middle
M,1.259,oldest,heaviest
F,1.3445,oldest,heaviest
F,1.099,oldest,middle
M,1.122,oldest,middle
M,0.97,oldest,middle
M,1.032,oldest,middle
I,1.178,oldest,heaviest
F,0.7105,oldest,middle
M,0.991,oldest,middle
M,1.3175,oldest,heaviest
M,1.368,oldest,heaviest
F,1.2435,oldest,heaviest
F,0.943,oldest,middle
M,1.4385,oldest,heaviest
M,1.756,oldest,heaviest
I,0.944,oldest,middle
M,0.573,oldest,middle
F,0.6835,oldest,middle
F,1.0595,oldest,middle
F,1.596,oldest,heaviest
M,1.247,oldest,heaviest
F,1.742,oldest,heaviest
F,1.597,oldest,heaviest
M,1.4455,oldest,heaviest
F,1.779,oldest,heaviest
M,1.844,oldest,heaviest
F,0.8685,oldest,middle
M,0.7505,oldest,middle
F,0.64,oldest,middle
F,1.2255,oldest,heaviest
M,1.3,oldest,heaviest
F,1.1835,oldest,heaviest
F,0.7865,oldest,middle
F,0.8165,oldest,middle
F,0.775,oldest,middle
F,2.526,oldest,heaviest
M,1.103,oldest,middle
M,0.8175,oldest,middle
F,1.978,oldest,heaviest
M,1.6195,oldest,heaviest
F,1.406,oldest,heaviest
M,1.0575,oldest,middle
M,2.1835,oldest,heaviest
F,1.2125,oldest,heaviest
F,1.8075,oldest,heaviest
